

create database elearning; 
use elearning;
--
-- Table structure for table `category`
--

DROP TABLE IF EXISTS `category`;
/*!40101 SET @saved_cs_client     = @@character_set_client */;
/*!50503 SET character_set_client = utf8mb4 */;
CREATE TABLE `category` (
  `id` varchar(100) CHARACTER SET utf8mb4 COLLATE utf8mb4_vietnamese_ci NOT NULL,
  `catName` varchar(500) CHARACTER SET utf8 COLLATE utf8_general_ci NOT NULL,
  `cat_id` varchar(100) CHARACTER SET utf8mb4 COLLATE utf8mb4_vietnamese_ci DEFAULT NULL,
  `isDeleted` bit(1) NOT NULL DEFAULT b'0',
  `logCreatedDate` datetime DEFAULT NULL,
  `logCreatedBy` varchar(500) CHARACTER SET utf8 COLLATE utf8_general_ci DEFAULT NULL,
  `logUpdatedDate` datetime DEFAULT NULL,
  `logUpdatedBy` varchar(500) CHARACTER SET utf8 COLLATE utf8_general_ci DEFAULT NULL,
  PRIMARY KEY (`id`)
) ENGINE=InnoDB DEFAULT CHARSET=utf8mb4 COLLATE=utf8mb4_vietnamese_ci;
/*!40101 SET character_set_client = @saved_cs_client */;

--
-- Dumping data for table `category`
--

LOCK TABLES `category` WRITE;
/*!40000 ALTER TABLE `category` DISABLE KEYS */;
INSERT INTO `category` VALUES ('0f80b622-3f92-407e-a374-9a4dc33cf843','ReactJS','8983adfc-969c-4001-947e-a0090bbf887b',_binary '\0','2021-08-02 19:55:21',NULL,NULL,NULL),('179c9217-996f-4206-b8b0-27dfb41179ca','Python','ea4afb62-0064-44fa-86e4-bd2536f88e97',_binary '\0','2021-08-02 19:56:23',NULL,NULL,NULL),('397cea03-87f2-404d-822f-17fc589c8c90','Data Analysis','ea4afb62-0064-44fa-86e4-bd2536f88e97',_binary '\0','2021-08-02 19:56:13',NULL,NULL,NULL),('432c53f4-aef0-4d61-a040-36cc5cfdf020','NodeJS','8983adfc-969c-4001-947e-a0090bbf887b',_binary '\0','2021-08-02 19:55:42',NULL,NULL,NULL),('47f5610a-8e06-4cc7-8481-aa908badee30','Google Flutter','acf72d1d-28df-4e3e-a038-46b0276f8718',_binary '\0','2021-08-02 19:57:05',NULL,NULL,NULL),('8983adfc-969c-4001-947e-a0090bbf887b','Web Development',NULL,_binary '\0','2021-08-02 19:53:05',NULL,NULL,NULL),('9544b99e-5176-4d69-abc2-eb8f780a2d2f','JavaScript','8983adfc-969c-4001-947e-a0090bbf887b',_binary '\0','2021-08-02 19:55:31',NULL,NULL,NULL),('98175ac6-a142-447f-8c5a-51e5b375a09c','Game Development',NULL,_binary '\0','2021-08-02 19:53:48',NULL,NULL,NULL),('9cdc4184-f1ed-478e-9486-39866aa8d526','React Native','acf72d1d-28df-4e3e-a038-46b0276f8718',_binary '\0','2021-08-02 19:57:14',NULL,NULL,NULL),('a921d5a0-2bcb-4f5e-b3b3-e00c9d78f247','Unity','98175ac6-a142-447f-8c5a-51e5b375a09c',_binary '\0','2021-08-02 19:57:28',NULL,NULL,NULL),('acf72d1d-28df-4e3e-a038-46b0276f8718','Mobile Development',NULL,_binary '\0','2021-08-02 19:53:17',NULL,NULL,NULL),('b3b55bad-94c6-47dd-a55b-cd60a8f4c6e5','Unreal Engine Blueprints','98175ac6-a142-447f-8c5a-51e5b375a09c',_binary '\0','2021-08-02 19:57:48',NULL,NULL,NULL),('b9f7bca8-c0b1-4b50-8346-e611ae2c00e4','iOS Development','acf72d1d-28df-4e3e-a038-46b0276f8718',_binary '\0','2021-08-02 19:56:50',NULL,NULL,NULL),('be0b88fe-4c75-4ce8-935a-38dd3be0fb5b','Mobile Game Development','98175ac6-a142-447f-8c5a-51e5b375a09c',_binary '\0','2021-08-02 19:58:08',NULL,NULL,NULL),('e64bad42-12cc-4f05-bcda-3d6e3a5c194b','Machine Learning','ea4afb62-0064-44fa-86e4-bd2536f88e97',_binary '\0','2021-08-02 19:56:01',NULL,NULL,NULL),('ea4afb62-0064-44fa-86e4-bd2536f88e97','Data Science',NULL,_binary '\0','2021-08-02 19:53:33',NULL,NULL,NULL);
/*!40000 ALTER TABLE `category` ENABLE KEYS */;
UNLOCK TABLES;

--
-- Table structure for table `comment`
--

DROP TABLE IF EXISTS `comment`;
/*!40101 SET @saved_cs_client     = @@character_set_client */;
/*!50503 SET character_set_client = utf8mb4 */;
CREATE TABLE `comment` (
  `id` varchar(100) NOT NULL,
  `course_id` varchar(100) NOT NULL,
  `user_id` varchar(200) NOT NULL,
  `content` text NOT NULL,
  `isDeleted` bit(1) NOT NULL DEFAULT b'0',
  `logCreatedBy` varchar(100) DEFAULT NULL,
  `logCreatedDate` varchar(100) DEFAULT NULL,
  `logUpdatedDate` varchar(100) DEFAULT NULL,
  `logUpdatedBy` varchar(500) CHARACTER SET utf8 COLLATE utf8_general_ci DEFAULT NULL,
  PRIMARY KEY (`id`)
) ENGINE=InnoDB DEFAULT CHARSET=utf8mb4 COLLATE=utf8mb4_0900_ai_ci;
/*!40101 SET character_set_client = @saved_cs_client */;

--
-- Dumping data for table `comment`
--

LOCK TABLES `comment` WRITE;
/*!40000 ALTER TABLE `comment` DISABLE KEYS */;
INSERT INTO `comment` VALUES ('2ad0506b-ca51-41d0-8c6c-b13284cfa085','03abe971-62ae-4e8e-89e2-6a91ea8144c4','e99f5201-0c27-4c8e-922b-1a3da363d347','This is the test comment',_binary '\0',NULL,'2021-08-05 17:43:29.753','2021-08-05 17:43:29.753',NULL),('e7da8fac-42a9-44c9-95ea-8a9fe6846c9a','03abe971-62ae-4e8e-89e2-6a91ea8144c4','6afc696d-f9a1-4745-b946-228a2e52a568','This is the test comment 2',_binary '\0',NULL,'2021-08-05 17:44:21.275','2021-08-05 17:44:21.275',NULL);
/*!40000 ALTER TABLE `comment` ENABLE KEYS */;
UNLOCK TABLES;

--
-- Table structure for table `course`
--

DROP TABLE IF EXISTS `course`;
/*!40101 SET @saved_cs_client     = @@character_set_client */;
/*!50503 SET character_set_client = utf8mb4 */;
CREATE TABLE `course` (
  `id` varchar(100) CHARACTER SET utf8mb4 COLLATE utf8mb4_vietnamese_ci NOT NULL,
  `courseName` varchar(500) CHARACTER SET utf8 COLLATE utf8_general_ci NOT NULL,
  `category_id` varchar(100) CHARACTER SET utf8mb4 COLLATE utf8mb4_vietnamese_ci NOT NULL,
  `teacher_id` varchar(200) COLLATE utf8mb4_vietnamese_ci DEFAULT NULL,
  `rate` float DEFAULT NULL,
  `image` varchar(200) CHARACTER SET utf8mb4 COLLATE utf8mb4_vietnamese_ci DEFAULT NULL,
  `price` float NOT NULL,
  `sale` float DEFAULT NULL,
  `saleInfo` varchar(500) CHARACTER SET utf8 COLLATE utf8_general_ci DEFAULT NULL,
  `shortDescription` varchar(500) CHARACTER SET utf8 COLLATE utf8_general_ci NOT NULL,
  `fullDescription` text CHARACTER SET utf8mb4 COLLATE utf8mb4_vietnamese_ci,
  `currentStudent` int DEFAULT NULL,
  `preview` varchar(1000) CHARACTER SET utf8 COLLATE utf8_general_ci DEFAULT NULL,
  `view` int NOT NULL DEFAULT '0',
  `isDeleted` bit(1) NOT NULL DEFAULT b'0',
  `logCreatedDate` datetime DEFAULT NULL,
  `logCreatedBy` varchar(500) CHARACTER SET utf8 COLLATE utf8_general_ci DEFAULT NULL,
  `logUpdatedDate` datetime DEFAULT NULL,
  `logUpdatedBy` varchar(500) CHARACTER SET utf8 COLLATE utf8_general_ci DEFAULT NULL,
  `isCompleted` bit(1) NOT NULL DEFAULT b'0',
  PRIMARY KEY (`id`),
  FULLTEXT KEY `idx` (`courseName`)
) ENGINE=InnoDB DEFAULT CHARSET=utf8mb4 COLLATE=utf8mb4_vietnamese_ci;
/*!40101 SET character_set_client = @saved_cs_client */;

--
-- Dumping data for table `course`
--

LOCK TABLES `course` WRITE;
/*!40000 ALTER TABLE `course` DISABLE KEYS */;
INSERT INTO `course` VALUES ('01023f66-81ec-4eb7-89ba-57e6af7ee899','The Complete 2021 Flutter Development Bootcamp with Dart','47f5610a-8e06-4cc7-8481-aa908badee30','ef6e5a5a-4127-400e-936a-bb369ba5899e',4,'https://res.cloudinary.com/dawbc3ysp/image/upload/v1628241456/Elearning/edngk9he2v4dkq2ywefk.jpg',90,65,NULL,'Officially created in collaboration with the Google Flutter team.','<p>Build beautiful, fast and native-quality apps with Flutter</p><p>Become a fully-fledged Flutter developer</p><p>Build iOS and Android apps with just one codebase</p><p>Build iOS and Android apps using just one programming language (Dart)</p><p>Build a portfolio of beautiful Flutter apps to impress any recruiter</p><p>Understand all the fundamental concepts of Flutter development</p><p>Become proficient in one of the fastest growing technologies</p>',7,NULL,187,_binary '\0','2021-08-26 20:22:54',NULL,'2021-08-27 14:52:19',NULL,_binary '\0'),('037d5a6b-70f6-4b22-aedd-28c82f6f8a3d','iOS 11 & Swift 4 - The Complete iOS App Development Bootcamp','b9f7bca8-c0b1-4b50-8346-e611ae2c00e4','b1607d70-67c0-4c4c-b142-90f265702d61',3.5,'https://res.cloudinary.com/dawbc3ysp/image/upload/v1629622831/Elearning/egsfhecxklwbpwestv6h.jpg',90,82,NULL,'Learn iOS 11 App Development From Beginning to End. Using Xcode 9 and Swift 4. Includes Full ARKit and CoreML Modules!','<p>Be able to build any app you want</p><p>Craft a portfolio of apps to apply for junior developer jobs</p><p>Build fully-fledged apps for your startup or business</p><p>Work as a freelance iOS developer</p><p>Master creating Augmented Reality apps using Apple’s new ARKit</p><p>Create your first Machine Learning app using Apple’s new CoreML</p>',7,NULL,58,_binary '\0','2021-08-26 20:30:11',NULL,'2021-08-27 14:52:40',NULL,_binary ''),('03abe971-62ae-4e8e-89e2-6a91ea8144c4','Machine Learning A-Z™: Hands-On Python & R In Data Science','e64bad42-12cc-4f05-bcda-3d6e3a5c194b','ef6e5a5a-4127-400e-936a-bb369ba5899e',4.7,'https://res.cloudinary.com/dawbc3ysp/image/upload/v1629622865/Elearning/ojt1rck8uwi44lrygt0t.jpg',100,60,NULL,'Learn to create Machine Learning Algorithms in Python and R from two Data Science experts. Code templates included.','<p>Master Machine Learning on Python &amp; R</p><p>Have a great intuition of many Machine Learning models</p><p>Make accurate predictions</p><p>Make powerful analysis</p><p>Make robust Machine Learning models</p><p>Create strong added value to your business</p><p>Use Machine Learning for personal purpose</p><p>Handle specific topics like Reinforcement Learning, NLP and Deep Learning</p><p>Handle advanced techniques like Dimensionality Reduction</p><p>Know which Machine Learning model to choose for each type of problem</p><p>Build an army of powerful Machine Learning models and know how to combine them to solve any problem</p>',7,NULL,38,_binary '\0','2021-08-26 20:31:57',NULL,'2021-08-27 14:52:56',NULL,_binary ''),('0b96c7e8-e793-48ee-b4f5-e894a69ad49e','Flutter REST API Crash Course: Build a Coronavirus App','47f5610a-8e06-4cc7-8481-aa908badee30','4bc9b7c9-5d41-4ffc-94e8-d27cb1a30373',4.3,'https://res.cloudinary.com/dawbc3ysp/image/upload/v1628241561/Elearning/hr0zjuuxlld4aeyj2hda.jpg',20,0,NULL,'Build a Coronavirus Tracking App, and learn how to use REST APIs in Flutter','<p>Build a simple, yet complete Coronavirus tracking application using REST APIs</p><p>Good app architecture: learn how to structure your code and keep it modular</p><p>Attention to detail and emphasis on writing a production-ready app</p>',7,NULL,51,_binary '\0','2021-08-26 16:02:54',NULL,'2021-08-27 14:53:33',NULL,_binary ''),('0d01411b-e050-408d-b745-1947d7b019ad','The Complete React Developer Course (w/ Hooks and Redux)','0f80b622-3f92-407e-a374-9a4dc33cf843','ef6e5a5a-4127-400e-936a-bb369ba5899e',4.5,'https://res.cloudinary.com/dawbc3ysp/image/upload/v1628236484/Elearning/hlaao4uyqw3c95gqgj2x.jpg',90,86,'','Learn how to build and launch React web applications using React, Redux, Webpack, React-Router, and more!','<p>Build, test, and launch React apps</p><p>Use cutting-edge ES6/ES7 JavaScript</p><p>Setup authentication and user accounts</p><p>Deploy your React apps live to the web</p><p>Learn the latest React libraries and tools</p><p>Master React, Redux, React-Router, and more</p>',6,NULL,67,_binary '\0','2021-08-26 20:00:54',NULL,'2021-08-27 14:53:50',NULL,_binary ''),('0dbe88bd-d1f5-4cd2-bf3b-bc8105be9783','Complete React Native in 2021: Zero to Mastery [with Hooks]','9cdc4184-f1ed-478e-9486-39866aa8d526','b1607d70-67c0-4c4c-b142-90f265702d61',NULL,'https://res.cloudinary.com/dawbc3ysp/image/upload/v1629985988/Elearning/ft8h48netmaw2pxgn5rp.jpg',125,87,NULL,'Master React Native for iOS and Android Mobile App Development using JavaScript. Build a modern e-commerce mobile app!','<p>Build enterprise level React Native apps and deploy to Apple App Store and Google Play Store</p><p>Learn to build reactive, performant, large scale applications like a senior mobile app developer</p><p>Learn to lead Mobile App projects by making good architecture decisions and helping others on your team</p><p>Build cross platform mobile apps for iOS and Android without using Swift, Objective C, Java and Kotlin</p><p>Learn the latest features in React Native including Hooks, Context API, AsyncStorage, and Animation</p><p>Master the latest ecosystem of a React Native Developer from scratch</p><p>Become the top 10% React Native Developer</p><p>Stripe Payments (Online Payments) integration in your mobile apps</p><p>Set up authentication and user accounts using Firebase and Firebase Functions</p><p>Routing with React Navigation</p><p>Using the latest ES6/ES7/ES8/ES9/ES10 JavaScript to write clean code</p><p>Using native phone capabilities like Camera and Vibration</p><p>Google Maps API and adding interactive maps to your projects</p><p>Styled-Components and native styling to make modern and beautiful apps</p>',4,NULL,42,_binary '\0','2021-08-24 20:27:46',NULL,'2021-08-26 20:53:08',NULL,_binary ''),('11b139e3-23a5-42cb-8618-d4296502fc7f','50 Projects In 50 Days - HTML, CSS & JavaScript','9544b99e-5176-4d69-abc2-eb8f780a2d2f','52956955-0456-412f-9f85-058663a63ff0',NULL,'https://res.cloudinary.com/dawbc3ysp/image/upload/v1628234701/Elearning/kxz2ndibufc8dfky6hmr.jpg',90,15,NULL,'Sharpen your skills by building 50 quick, unique & fun mini projects','<p>Project based teaching to sharpen your HTML, CSS &amp; JavaScript skills</p><p>Perfect for beginners looking for things to build unique projects in a short timeframe</p><p>Modern styling with flexbox, CSS animations, custom properties, etc</p><p>DOM manipulation, events, array methods, HTTP requests &amp; more</p>',1,NULL,53,_binary '\0','2021-08-26 14:02:15',NULL,'2021-08-26 23:53:11',NULL,_binary '\0'),('1616c1da-b82f-4b32-8ba3-b30568491ac4','Node.js: The Complete Guide to Build RESTful APIs (2018)','432c53f4-aef0-4d61-a040-36cc5cfdf020','52956955-0456-412f-9f85-058663a63ff0',NULL,'https://res.cloudinary.com/dawbc3ysp/image/upload/v1628239213/Elearning/eew5o6kniibkcbsswi9h.jpg',75,15,NULL,'Learn to build fast, scalable and secure RESTful services with Node, Express and MongoDB, from setup to production','<p>Build the backend for your web and mobile apps</p><p>Use modern JavaScript features (ES6, ES7)</p><p>Implement CRUD operations</p><p>Handle and log errors, the right way</p><p>Write unit and integration tests</p><p>Practice test-driven development (TDD)</p><p>Store and retrieve complex data in MongoDB</p><p>Implement authentication and authorization</p><p>Deploy your Node apps to production</p><p>Apply the best practices for building fast, scalable and secure apps</p>',3,NULL,49,_binary '\0','2021-08-26 15:29:22',NULL,'2021-08-26 23:43:46',NULL,_binary '\0'),('178c67e9-08ef-40f9-a654-46525ad6f917','Node.js API Masterclass With Express & MongoDB','432c53f4-aef0-4d61-a040-36cc5cfdf020','4bc9b7c9-5d41-4ffc-94e8-d27cb1a30373',NULL,'https://res.cloudinary.com/dawbc3ysp/image/upload/v1628239245/Elearning/kwxk99gjuluyf0u7ettk.jpg',90,50,NULL,'Create a real world backend for a bootcamp directory app','<p>Real World Backend RESTful API For Bootcamp Directory App</p><p>HTTP Fundamentals (Req/Res Cycle, Status Codes, etc)</p><p>Advanced Mongoose Queries</p><p>JWT/Cookie Authentication</p><p>Express &amp; Mongoose Middleware (Geocoding, Auth, Error Handling, etc)</p><p>API Security (NoSQL injection, XSS protection, Rate Limiting)</p><p>API Documentation &amp; Deployment</p>',0,NULL,61,_binary '\0','2021-08-26 15:30:33',NULL,'2021-08-26 23:40:46',NULL,_binary '\0'),('200ac9d7-ac0e-48d4-a0f8-8f7ecdfe7104','Server Side Rendering with React and Redux','0f80b622-3f92-407e-a374-9a4dc33cf843','ef6e5a5a-4127-400e-936a-bb369ba5899e',NULL,'https://res.cloudinary.com/dawbc3ysp/image/upload/v1628236673/Elearning/lpjtkvc1ti0xcfwohshr.jpg',40,0,NULL,'Build React, Redux, and React Router apps using Server Side Rendering (SSR), Isomorphic, and Universal JS techniques','<p>Understand the challenges of Server Side Rendering</p><p>Build a server side rendering boilerplate project</p><p>Use React, Redux, and React Router to conquer Search Engine Optimization</p><p>Master techniques for data loading on the server</p><p>Construct server architectures that can easily scale for large apps</p>',1,NULL,55,_binary '\0','2021-08-26 14:49:24',NULL,'2021-08-26 23:14:34',NULL,_binary '\0'),('202d4b73-3d6f-48cc-bf17-4ff4c9b66520','React - The Complete Guide (incl Hooks, React Router, Redux)','0f80b622-3f92-407e-a374-9a4dc33cf843','2b86ebee-959f-4e90-b48e-fc621af97e0e',NULL,'https://res.cloudinary.com/dawbc3ysp/image/upload/v1628236508/Elearning/woxwcscklqd85vvbqmss.jpg',90,86,NULL,'Dive in and learn React.js from scratch! Learn Reactjs, Hooks, Redux, React Routing, Animations, Next.js and way more!','<p>Build powerful, fast, user-friendly and reactive web apps</p><p>Provide amazing user experiences by leveraging the power of JavaScript with ease</p><p>Apply for high-paid jobs or work as a freelancer in one the most-demanded sectors you can find in web dev right now</p><p>Learn all about React Hooks and React Components</p>',1,NULL,6,_binary '\0','2021-08-19 20:10:26',NULL,'2021-08-25 23:33:06',NULL,_binary '\0'),('228dae17-2529-455a-95c0-eaa204820de8','JavaScript - The Complete Guide 2021 (Beginner + Advanced)','9544b99e-5176-4d69-abc2-eb8f780a2d2f','b1607d70-67c0-4c4c-b142-90f265702d61',NULL,'https://res.cloudinary.com/dawbc3ysp/image/upload/v1628234599/Elearning/mpazqwszmsoosksqceyr.jpg',150,45,NULL,'Modern JavaScript from the beginning - all the way up to JS expert level! THE must-have JavaScript resource in 2021.','<p>JavaScript from scratch - beginner to advanced</p><p>All core features and concepts you need to know in modern JavaScript development</p><p>Everything you need to become a JavaScript expert and apply for JavaScript jobs</p><p>Project-driven learning with plenty of examples</p><p>All about variables, functions, objects and arrays</p><p>Object-oriented programming</p><p>Deep dives into prototypes, JavaScript engines &amp; how it works behind the scenes</p><p>Manipulating web pages (= the DOM) with JavaScript</p><p>Event handling, asynchronous coding and Http requests</p><p>Meta-programming, performance optimization, memory leak busting</p><p>Testing, security and deployment</p><p>And so much more!</p>',0,NULL,7,_binary '\0','2021-08-19 13:59:57',NULL,'2021-08-23 14:23:20',NULL,_binary '\0'),('285319fa-4f42-4218-838c-4c3228137ace','The Modern JavaScript Bootcamp','9544b99e-5176-4d69-abc2-eb8f780a2d2f','e0c6ef12-4ad1-4092-b2eb-ec64fc5d294f',NULL,'https://res.cloudinary.com/dawbc3ysp/image/upload/v1628234624/Elearning/vsiumyzazy3yhgdvq7gl.jpg',85,0,NULL,'Learn JavaScript by building real-world apps. Includes 3 real-world projects, 80 programming challenges, and ES6/ES7!','<p>Learn JavaScript by building three real-world web applications</p><p>Gain a deep understanding of how JavaScript works behind the scenes</p><p>Explore the latest cutting-edge features from ES6 and ES7</p><p>Test your skills and gain confidence by completing over 80 coding challenges</p><p>Learn how to deploy your application to the web so you can share them with everyone</p><p>Learn how to use Promises and Async/Await with asynchronous JavaScript</p><p>Get more done by learning how to debug and fix your code when things go wrong</p><p>Get access to a free 80 page PDF guide with lecture notes, code samples, and documentation links</p>',0,NULL,4,_binary '\0','2021-08-06 14:00:58',NULL,'2021-08-06 14:23:45',NULL,_binary '\0'),('28721c7e-b86e-40fc-bf9a-bb3927e7e7e9','The Complete JavaScript Course 2021: From Zero to Expert!','9544b99e-5176-4d69-abc2-eb8f780a2d2f','e0c6ef12-4ad1-4092-b2eb-ec64fc5d294f',NULL,'https://res.cloudinary.com/dawbc3ysp/image/upload/v1628234545/Elearning/xyecix2bctrhllqnfixi.jpg',100,35,NULL,'The modern JavaScript course for everyone! Master JavaScript with projects, challenges and theory. Many courses in one!','<p>Become an advanced, confident, and modern JavaScript developer from scratch</p><p>Build 6 beautiful real-world projects for your portfolio (not boring toy apps)</p><p>Become job-ready by understanding how JavaScript really works behind the scenes</p><p>How to think and work like a developer: problem-solving, researching, workflows</p><p>JavaScript fundamentals: variables, if/else, operators, boolean logic, functions, arrays, objects, loops, strings, etc.</p><p>Modern ES6+ from the beginning: arrow functions, destructuring, spread operator, optional chaining (ES2020), etc.</p><p>Modern OOP: Classes, constructors, prototypal inheritance, encapsulation, etc.</p><p>Complex concepts like the \'this\' keyword, higher-order functions, closures, etc.</p><p>Asynchronous JavaScript: Event loop, promises, async/await, AJAX calls and APIs</p><p>How to architect your code using flowcharts and common patterns</p><p>Modern tools for 2021 and beyond: NPM, Parcel, Babel and ES6 modules</p><p>Practice your skills with 50+ challenges and assignments (solutions included)</p><p>Get friendly support in the Q&amp;A area</p><p>Design your unique learning path according to your goals: course pathways</p>',0,NULL,2,_binary '\0','2021-08-20 20:24:48',NULL,'2021-08-26 14:22:26',NULL,_binary '\0'),('2b3a0d0e-0d57-4139-9402-49b7ef5515fb','Complete C# Unity Game Developer 2D','a921d5a0-2bcb-4f5e-b3b3-e00c9d78f247','4bc9b7c9-5d41-4ffc-94e8-d27cb1a30373',NULL,'https://res.cloudinary.com/dawbc3ysp/image/upload/v1628234545/Elearning/xyecix2bctrhllqnfixi.jpg',90,88,NULL,'Learn Unity in C# & Code Your First Seven 2D Video Games for Web, Mac & PC. The Tutorials Cover Tilemap (35 hours)','<p>Learn C#, a powerful modern language, from scratch. No prior programming experience is necessary.</p><p>Become excellent at using the Unity game engine.</p><p>Build a solid foundation for game design and game development that will help you build your own games.</p><p>Learn how object oriented programming works in practice.</p><p>Create playable game projects - good for your portfolio, or just for your own sense of achievement.</p><p>Transfer your knowledge from this course to .NET, other languages, and more.</p><p>Develop highly transferable coding problem solving skills.</p><p>Be part of an amazing and supportive community of people similar to you.</p>',0,NULL,3,_binary '\0','2021-08-21 20:28:27',NULL,'2021-08-25 20:28:27',NULL,_binary '\0'),('373364dd-92c1-4773-a295-908330050074','Advanced React and Redux','0f80b622-3f92-407e-a374-9a4dc33cf843','b1607d70-67c0-4c4c-b142-90f265702d61',NULL,'https://res.cloudinary.com/dawbc3ysp/image/upload/v1628236544/Elearning/l7gieufspyqkpozoxlvn.jpg',90,0,NULL,'Walkthroughs on advanced React v16.6.3 and Redux v4.0.0 - Authentication, Testing, Middlewares, HOC\'s, and Deployment','<p>Build a scaleable API with authentication using Express, Mongo, and Passport</p><p>Learn the differences between cookie-based and token-based authentication</p><p>Figure out what a Higher Order Component and how to use it to write dramatically less code</p><p>Write Redux middleware from scratch to uncover what is happening behind the scenes with Redux</p><p>Set up your own testing environment with Jest and Enzyme</p><p>Realize the power of building composable components</p>',0,NULL,1,_binary '\0','2021-08-23 14:47:21',NULL,'2021-08-25 14:55:45',NULL,_binary '\0'),('39415ff3-712f-4743-8f7d-28e75b8673c9','Master Flutter - Learn Dart & Flutter by Developing 5 Apps','47f5610a-8e06-4cc7-8481-aa908badee30','e0c6ef12-4ad1-4092-b2eb-ec64fc5d294f',NULL,'https://res.cloudinary.com/dawbc3ysp/image/upload/v1628241550/Elearning/eh7su4ckiqgna2yneto0.jpg',100,10,NULL,'Learn Google Flutter & Dart by Developing 5 Real Life & Enterprise Apps including UI, App Dashboard and API','<p>Developing Android &amp; iOS apps using Dart &amp; Flutter</p><p>Design Professional Looking Apps</p><p>Design and Develop Enterprise Apps</p><p>Develop eCommerce &amp; Blog App, API &amp; App Dashboard - using Flutter &amp; Laravel &amp; MySQL, Sqflite, Shared preferences and Stripe</p><p>Develop News App, API &amp; App Dashboard - using Flutter &amp; NodeJS/ExpressJS &amp; MySQL and Realtime notification using Firebase Cloud Message</p><p>Develop a todo app using Dart, Flutter and Sqflite</p><p>Publish Apps at Play Store and App Store</p><p>Monetize Your App</p>',0,NULL,1,_binary '\0','2021-08-25 16:02:23',NULL,'2021-08-26 16:19:10',NULL,_binary '\0'),('3ca5a3d3-926b-4cf5-b498-03f06798644a','2021 Update! React Testing with Jest and Enzyme','0f80b622-3f92-407e-a374-9a4dc33cf843','2b86ebee-959f-4e90-b48e-fc621af97e0e',NULL,'https://res.cloudinary.com/dawbc3ysp/image/upload/v1628236685/Elearning/xv6hvlhwdzmofps4kg1g.jpg',90,0,NULL,'Improve your React, Redux, Hooks and Context Code with Test Driven Development','<p>Write unit, integration and functional tests for React, Hooks, Contex and Redux using Jest and Enzyme.</p><p>Know the tradeoffs for different testing approaches and when to choose which approach.</p><p>Plan your React app more effectively via Test Driven Development.</p><p>Mock methods and modules to keep your tests isolated.</p>',0,NULL,3,_binary '\0','2021-08-25 14:49:56',NULL,'2021-08-26 14:58:05',NULL,_binary '\0'),('400136a4-0d85-4fe4-a3ba-f0382f974078','Data Analysis with Pandas and Python','397cea03-87f2-404d-822f-17fc589c8c90','52956955-0456-412f-9f85-058663a63ff0',NULL,'https://res.cloudinary.com/dawbc3ysp/image/upload/v1628234545/Elearning/xyecix2bctrhllqnfixi.jpg',20,35,NULL,'Analyze data quickly and easily with Python\'s powerful pandas library! All datasets included --- beginners welcome!','<p>Perform a multitude of data operations in Python\'s popular \"pandas\" library including grouping, pivoting, joining and more!</p><p>Learn hundreds of methods and attributes across numerous pandas objects</p><p>Possess a strong understanding of manipulating 1D, 2D, and 3D data sets</p><p>Resolve common issues in broken or incomplete data sets</p>',0,NULL,5,_binary '\0','2021-08-22 20:17:17',NULL,'2021-08-23 20:17:17',NULL,_binary '\0'),('4383d2fe-5790-43a2-8f6a-0980ffff908f','Flutter & Dart - The Complete Guide [2021 Edition]','47f5610a-8e06-4cc7-8481-aa908badee30','b1607d70-67c0-4c4c-b142-90f265702d61',NULL,'https://res.cloudinary.com/dawbc3ysp/image/upload/v1628241438/Elearning/mcwyvfa8vz0vs3ep0foi.jpg',90,60,NULL,'A Complete Guide to the Flutter SDK & Flutter Framework for building native iOS and Android apps','<p>Learn Flutter and Dart from the ground up, step-by-step</p><p>Build engaging native mobile apps for both Android and iOS</p><p>Use features like Google Maps, the device camera, authentication and much more!</p><p>Learn how to upload images and how to send manual and automated push notifications</p><p>Learn all the basics without stopping after them: Dive deeply into Flutter &amp; Dart and become an advanced developer</p>',0,NULL,7,_binary '\0','2021-08-22 20:21:49',NULL,'2021-08-26 16:17:19',NULL,_binary '\0'),('481eba80-a9cd-4705-94a8-cd641c2f00cc','Node JS: Advanced Concepts','432c53f4-aef0-4d61-a040-36cc5cfdf020','ef6e5a5a-4127-400e-936a-bb369ba5899e',NULL,'https://res.cloudinary.com/dawbc3ysp/image/upload/v1628239191/Elearning/i9frgcyyvhixtpadxtxs.jpg',85,0,NULL,'Get advanced with Node.Js! Learn caching with Redis, speed up through clustering, and add image upload with S3 and Node!','<p>Absolutely master the Event Loop and understand each of its stages</p><p>Utilize Worker Threads and Clustering to dramatically improve the performance of Node servers</p><p>Speed up database queries with caching for MongoDB backed by Redis</p><p>Add automated browser testing to your Node server, complete with continuous integration pipeline setup</p><p>Apply scalable image and file upload to your app, utilizing AWS S3</p>',0,NULL,1,_binary '\0','2021-08-23 15:28:47',NULL,'2021-08-26 15:39:52',NULL,_binary '\0'),('4dce4af7-6dcf-4722-b2f8-14e67de222db','Node with React: Fullstack Web Development','432c53f4-aef0-4d61-a040-36cc5cfdf020','2b86ebee-959f-4e90-b48e-fc621af97e0e',NULL,'https://res.cloudinary.com/dawbc3ysp/image/upload/v1628239147/Elearning/nbm6pjqyklhd89gwhmdn.jpg',90,10,NULL,'Build and deploy fullstack web apps with NodeJS, React, Redux, Express, and MongoDB.','<p>Create boilerplate starter projects with React, Redux, Express, and Mongo</p><p>Understand common web technologies and design patterns to connect them together</p><p>Master deployment techniques between the production and development environments</p><p>Make an app with Google OAuth authentication</p><p>Learn to effectively create and send emails from a backend server</p><p>Accept and process credit card payments from users</p>',0,NULL,4,_binary '\0','2021-08-20 15:27:54',NULL,'2021-08-26 15:39:08',NULL,_binary '\0'),('5289927e-3b87-4a54-8b2c-fc98992de350','Dart and Flutter: The Complete Developer\'s Guide','47f5610a-8e06-4cc7-8481-aa908badee30','4bc9b7c9-5d41-4ffc-94e8-d27cb1a30373',NULL,'https://res.cloudinary.com/dawbc3ysp/image/upload/v1628241472/Elearning/npsfvwg5dkh7spai2pud.jpg',90,25,NULL,'Everything you need to know for building mobile apps with Flutter and Dart, including RxDart and Animations!','<p>Build beautiful multi-screen apps with Flutter</p><p>Understand the different approaches for loading and maintaining data in Flutter apps</p><p>Create and publish open source projects using Dart</p><p>Learn how to build offline-enabled apps with incredibly efficient data loading</p><p>Comprehend the best method for reading the incredible amount of Flutter documentation</p><p>Store long-term data on a user\'s physical device using SQLite</p><p>Master streams and understand reactive programming to create Flutter apps</p>',0,NULL,8,_binary '\0','2021-08-20 20:23:16',NULL,'2021-08-26 16:17:53',NULL,_binary '\0'),('5e63a531-8644-4360-869f-ba3f5bc61f1b','The Complete React Native + Hooks Course','9cdc4184-f1ed-478e-9486-39866aa8d526','4bc9b7c9-5d41-4ffc-94e8-d27cb1a30373',NULL,'https://res.cloudinary.com/dawbc3ysp/image/upload/v1628241472/Elearning/npsfvwg5dkh7spai2pud.jpg',100,75,NULL,'Understand React Native with Hooks, Context, and React Navigation.','<p>Create real-world native apps using React Native</p><p>Make truly reusable components that look great</p><p>Understand the terminology and concepts of Redux</p><p>Prototype and deploy your own applications to the Apple and Google Play Stores</p><p>Get up to speed with React design principles and methodologies</p><p>Discover mobile design patterns used by experienced engineers</p>',0,NULL,2,_binary '\0','2021-08-21 20:26:21',NULL,'2021-08-22 20:26:21',NULL,_binary '\0'),('61b02a06-5c8d-44a6-b5af-15b0faeed794','Python for Financial Analysis and Algorithmic Trading','179c9217-996f-4206-b8b0-27dfb41179ca','b1607d70-67c0-4c4c-b142-90f265702d61',NULL,'https://res.cloudinary.com/dawbc3ysp/image/upload/v1628239147/Elearning/nbm6pjqyklhd89gwhmdn.jpg',90,86,NULL,'Learn numpy , pandas , matplotlib , quantopian , finance , and more for algorithmic trading with Python!','<p>Use NumPy to quickly work with Numerical Data</p><p>Use Pandas for Analyze and Visualize Data</p><p>Use Matplotlib to create custom plots</p><p>Learn how to use statsmodels for Time Series Analysis</p><p>Calculate Financial Statistics, such as Daily Returns, Cumulative Returns, Volatility, etc..</p><p>Use Exponentially Weighted Moving Averages</p><p>Use ARIMA models on Time Series Data</p><p>Calculate the Sharpe Ratio</p><p>Optimize Portfolio Allocations</p><p>Understand the Capital Asset Pricing Model</p><p>Learn about the Efficient Market Hypothesis</p><p>Conduct algorithmic Trading on Quantopian</p>',0,NULL,5,_binary '\0','2021-08-20 20:14:09',NULL,'2021-08-22 20:14:09',NULL,_binary '\0'),('6c1faf61-09bf-4112-bc3b-bb078bce848d','JavaScript: Understanding the Weird Parts','9544b99e-5176-4d69-abc2-eb8f780a2d2f','52956955-0456-412f-9f85-058663a63ff0',NULL,'https://res.cloudinary.com/dawbc3ysp/image/upload/v1628234568/Elearning/n7vnqgwir8sj9prh9mya.jpg',80,64,NULL,'An advanced JavaScript course for everyone! Scope, closures, prototypes, \'this\', build your own framework, and more.','<p>Grasp how Javascript works and it\'s fundamental concepts</p><p>Write solid, good Javascript code</p><p>Understand advanced concepts such as closures, prototypal inheritance, IIFEs, and much more.</p><p>Drastically improve your ability to debug problems in Javascript.</p><p>Avoid common pitfalls and mistakes other Javascript coders make</p><p>Understand the source code of popular Javascript frameworks</p><p>Build your own Javascript framework or library</p>',0,NULL,9,_binary '\0','2021-08-20 20:25:18',NULL,'2021-08-26 14:22:48',NULL,_binary '\0'),('705669fe-297f-43d9-b3a9-0055a3cd5f8e','ES6 Javascript: The Complete Developer\'s Guide','9544b99e-5176-4d69-abc2-eb8f780a2d2f','4bc9b7c9-5d41-4ffc-94e8-d27cb1a30373',NULL,'https://res.cloudinary.com/dawbc3ysp/image/upload/v1628234651/Elearning/ghsu9a4zaxqxpn6hpp8r.jpg',80,10,NULL,'ES6 Javascript Development from scratch. Get practice with live examples and learn exactly where to apply ES6 features.','<p>Learn how to apply each feature of ES6 in practical situations</p><p>Understand the major features of ES6</p><p>Have total mastery of generators</p><p>Know the difference between ES6 and ES2015</p><p>Teach other developers about destructuring</p><p>Never need to write a for loop again!</p>',0,NULL,3,_binary '\0','2021-08-25 14:01:54',NULL,'2021-08-26 14:24:11',NULL,_binary '\0'),('7167ba30-4595-450b-b0b9-13dd92bdac18','JavaScript: The Advanced Concepts (2021)','9544b99e-5176-4d69-abc2-eb8f780a2d2f','ef6e5a5a-4127-400e-936a-bb369ba5899e',NULL,'https://res.cloudinary.com/dawbc3ysp/image/upload/v1628234610/Elearning/vo0qtdvqj1uho69d2vwf.jpg',140,15,NULL,'Learn modern advanced JavaScript practices and be in the top 10% of JavaScript developers','<p>Advanced JavaScript Practices</p><p>Object Oriented Programming</p><p>Functional Programming</p><p>Scope and Execution Context</p><p>Inheritance + Prototype Chain</p><p>Latest features: ES6, ES7, ES8, ES9, ES10, ES2020</p><p>Closures</p><p>Asynchronous JavaScript + Event Loop</p><p>JavaScript Modules</p><p>`this` keyword</p><p>JavaScript Engine and Runtime</p><p>Error Handling</p><p>Stack Overflow</p><p>Memory Leaks</p><p>Composition vs Inheritance</p><p>Type Coersion</p><p>Pass By Reference vs Pass by Value</p><p>Higher Order Functions</p><p>IIFE</p><p>.call(), .apply(), .bind()</p><p>Interpreter/ Compiler/ JIT Compiler</p><p>Garbage Collection</p><p>Hoisting</p><p>JavaScript best practices</p>',0,NULL,6,_binary '\0','2021-08-24 14:00:27',NULL,'2021-08-26 14:23:31',NULL,_binary '\0'),('72e6bf1a-cb21-4f21-b5bc-c5a225bcd5f3','Microfrontends with React: A Complete Developer\'s Guide','0f80b622-3f92-407e-a374-9a4dc33cf843','fbfb0636-57c6-4adc-9394-3af92b83436f',NULL,'https://res.cloudinary.com/dawbc3ysp/image/upload/v1628234651/Elearning/ghsu9a4zaxqxpn6hpp8r.jpg',90,84,NULL,'Build incredibly scalable apps with a microfrontend architecture','<p>Use microfrontends to architect an app that dozens of teams can work on at the same time</p><p>Structure your apps to scale to millions of users</p><p>Understand how to divide a monolithic app into multiple sub-apps</p><p>Coordinate data exchanged between your microfrontends</p><p>Apply a production-style workflow with a full CI/CD pipeline</p><p>Deploy your microfrontends to Amazon Web Services with CloudFront</p><p>Isolate rules styling by applying CSS-scoping techniques</p><p>Judge whether microfrontends are an appropriate choice for your application</p>',NULL,NULL,9,_binary '\0','2021-08-24 13:49:12',NULL,'2021-08-26 13:49:12',NULL,_binary '\0'),('76dfd312-0812-4fe8-94bd-383a93694c27','Python for Data Science and Machine Learning Bootcamp','e64bad42-12cc-4f05-bcda-3d6e3a5c194b','4bc9b7c9-5d41-4ffc-94e8-d27cb1a30373',NULL,'https://res.cloudinary.com/dawbc3ysp/image/upload/v1628234610/Elearning/vo0qtdvqj1uho69d2vwf.jpg',90,86,NULL,'Learn how to use NumPy, Pandas, Seaborn , Matplotlib , Plotly , Scikit-Learn , Machine Learning, Tensorflow , and more!','<p>Use Python for Data Science and Machine Learning</p><p>Use Spark for Big Data Analysis</p><p>Implement Machine Learning Algorithms</p><p>Learn to use NumPy for Numerical Data</p><p>Learn to use Pandas for Data Analysis</p><p>Learn to use Matplotlib for Python Plotting</p><p>Learn to use Seaborn for statistical plots</p><p>Use Plotly for interactive dynamic visualizations</p><p>Use SciKit-Learn for Machine Learning Tasks</p><p>K-Means Clustering</p><p>Logistic Regression</p><p>Linear Regression</p><p>Random Forest and Decision Trees</p><p>Natural Language Processing and Spam Filters</p><p>Neural Networks</p><p>Support Vector Machines</p>',0,NULL,1,_binary '\0','2021-08-20 20:32:18',NULL,'2021-08-22 20:32:18',NULL,_binary '\0'),('792c6249-b789-476d-9100-47ec5f870c7f','iOS & Swift - The Complete iOS App Development Bootcamp','b9f7bca8-c0b1-4b50-8346-e611ae2c00e4','ef6e5a5a-4127-400e-936a-bb369ba5899e',NULL,'https://res.cloudinary.com/dawbc3ysp/image/upload/v1628241487/Elearning/toyuv2zrlodg0extp18v.jpg',86,25,NULL,'From Beginner to iOS App Developer with Just One Course! Fully Updated with a Comprehensive Module Dedicated to SwiftUI!','<p>Be able to build any app you want</p><p>Start your own app based business</p><p>Create a portfolio of apps to apply for junior developer jobs at a technology company</p><p>Become a digital nomad by working as a freelance iOS developer</p><p>Learn to work with Apple\'s latest UI Framework - SwiftUI</p><p>Master creating Augmented Reality apps using Apple’s new ARKit</p><p>Create apps that use Machine Learning using Apple’s new CoreML</p><p>Master app design so you\'ll know how to wireframe, mockup and prototype your app idea</p><p>Master app marketing so you can publish your apps and generate downloads</p>',0,NULL,2,_binary '\0','2021-08-15 20:29:48',NULL,'2021-08-22 20:29:48',NULL,_binary '\0'),('805e313c-6846-42bf-97c6-4106fc432ad0','Learn Nodejs by building 12 projects','432c53f4-aef0-4d61-a040-36cc5cfdf020','b1607d70-67c0-4c4c-b142-90f265702d61',NULL,'https://res.cloudinary.com/dawbc3ysp/image/upload/v1628239255/Elearning/zycictjoqkrcdg5frndn.jpg',50,0,NULL,'Become an Expert Nodejs Developer While Building Real World Applications','<p>Create applications using Nodejs</p><p>Build Scalable and lightweight web applications</p><p>Learn the use of technologies such as Cassandra and MongoDB</p><p>Understand the coding principles behind practical web applications</p><p>Use the Express Framework to build web applications</p><p>Learn the concepts of network programming</p>',0,NULL,3,_binary '\0','2021-08-16 15:31:03',NULL,'2021-08-26 15:40:56',NULL,_binary '\0'),('83ddc5b1-e549-4e3c-b627-7dc3a7ad8d34','The Modern React Bootcamp (Hooks, Context, NextJS, Router)','0f80b622-3f92-407e-a374-9a4dc33cf843','b1607d70-67c0-4c4c-b142-90f265702d61',NULL,'https://res.cloudinary.com/dawbc3ysp/image/upload/v1628236495/Elearning/xvfxy1xz4ensu2rw3rzw.jpg',120,85,NULL,'Just published! Follow the same curriculum I teach my students in SF. 10+ projects including one HUGE application!','<p>React Hooks! (My favorite part of React!)</p><p>The new Context API</p><p>State management w/ useReducer + use Context (Redux Lite)</p><p>The basics of React (props, state, etc)</p><p>Master React Router</p><p>Build tons of projects, each with a beautiful interface</p><p>React State Management Patterns</p><p>Drag &amp; Drop With React</p><p>Writing dynamically styled components w/ JSS</p><p>Common React Router Patterns</p><p>Work with tons of libraries and tools</p><p>Integrate UI libraries like Material UI and Bootstrap into your React apps</p><p>React Design Patterns and Strategies</p><p>Learn the ins and outs of JSS!</p><p>Learn how to easily use React to build responsive apps</p><p>Add complex animations to React projects</p><p>Debug and Fix buggy React code</p><p>Optimize React components</p><p>Integrate React with APIs</p><p>Learn the basics of Webpack in a free mini-course!</p><p>DOM events in React</p><p>Forms and complex validations in React</p><p>Using Context API w/ Hooks</p>',0,NULL,5,_binary '\0','2021-08-12 20:09:25',NULL,'2021-08-26 14:54:56',NULL,_binary '\0'),('84075dc8-9e6e-473d-bda8-d21fbb5a0e28','Flutter & Dart - The Complete Flutter App Development Course','47f5610a-8e06-4cc7-8481-aa908badee30','b1607d70-67c0-4c4c-b142-90f265702d61',NULL,'https://res.cloudinary.com/dawbc3ysp/image/upload/v1628241487/Elearning/toyuv2zrlodg0extp18v.jpg',90,0,NULL,'Build Flutter iOS and Android Apps with a Single Codebase: Learn Google\'s Flutter Mobile Development Framework & Dart','<p>Be ABLE to Build Any iOS and Android App You Want</p><p>MASTER Dart and Flutter Framework</p><p>BUILD Full-fledged Apps for Your Startup or Business</p><p>CREATE a Portfolio of Apps to Apply for Development Job</p><p>WORK as A Cross-Platform Mobile Developer Who can Develop iOS and Android Apps</p><p>GAIN a Competitive Advantage in the Workplace as a Flutter Mobile Developer</p>',0,NULL,4,_binary '\0','2021-08-16 16:00:11',NULL,'2021-08-26 16:18:08',NULL,_binary '\0'),('88c8b37d-d4e7-4209-9d0c-1f4cd61f3a91','20 Web Projects With Vanilla JavaScript','9544b99e-5176-4d69-abc2-eb8f780a2d2f','52956955-0456-412f-9f85-058663a63ff0',NULL,'https://res.cloudinary.com/dawbc3ysp/image/upload/v1628234720/Elearning/mvvc7uwhlq8sdckvbh1s.jpg',90,0,NULL,'Build 20 mini frontend projects from scratch with HTML5, CSS & JavaScript (No frameworks or libraries)','<p>Build 20 Frontend Projects From Scratch</p><p>No JS or CSS Frameworks</p><p>Modern JavaScript (ES6+) - Arrows, Fetch, Promises, etc</p><p>DOM Manipulation &amp; Events</p><p>Animations With CSS &amp; JavaScript</p><p>Fetch &amp; JSON With 3rd Party API\'s</p><p>HTML5 Canvas, Speech API, Audio &amp; Video</p><p>Beginner Friendly</p>',0,NULL,6,_binary '\0','2021-08-19 14:02:45',NULL,'2021-08-26 14:25:21',NULL,_binary '\0'),('8c15dc51-5c42-469e-b3d3-49332cb9e756','The Complete Node.js Developer Course (3rd Edition)','432c53f4-aef0-4d61-a040-36cc5cfdf020','2b86ebee-959f-4e90-b48e-fc621af97e0e',NULL,'https://res.cloudinary.com/dawbc3ysp/image/upload/v1628239086/Elearning/gqzhqoemwieyquqpf73m.jpg',85,60,NULL,'Learn Node.js by building real-world applications with Node JS, Express, MongoDB, Jest, and more!','<p>Completely refilmed for 3rd edition</p><p>Build, test, and launch Node apps</p><p>Create Express web servers and APIs</p><p>Store data with Mongoose and MongoDB</p><p>Use cutting-edge ES6/ES7 JavaScript</p><p>Deploy your Node apps to production</p><p>Create real-time web apps with SocketIO</p>',0,NULL,7,_binary '\0','2021-08-22 20:18:53',NULL,'2021-08-26 15:38:07',NULL,_binary '\0'),('8cfe905d-9a5a-47b2-b5c0-63c1ffa2112f','Create your own UBER App with Flutter & Firebase Course 2021','47f5610a-8e06-4cc7-8481-aa908badee30','e0c6ef12-4ad1-4092-b2eb-ec64fc5d294f',NULL,'https://res.cloudinary.com/dawbc3ysp/image/upload/v1628241576/Elearning/zr5glhwprihcugsbnmkt.jpg',20,0,NULL,'Learn Dart, Flutter 2.0 & Firebase by Google & Build your iOS & Android Taxi Ride Sharing Application like UBER Clone','<p>Flutter Mobile App Development</p><p>Flutter Backend Mobile App Development</p><p>Flutter Frontend Mobile App Development</p><p>How to use Firebase as Backend for Mobile Apps (Android+iOS)</p><p>How to make fully functional Uber like App</p><p>and much more.</p>',0,NULL,8,_binary '\0','2021-08-16 16:03:15',NULL,'2021-08-26 16:19:37',NULL,_binary '\0'),('9323b31e-1618-4cac-95e7-baa19664889f','Angular & NodeJS - The MEAN Stack Guide [2021 Edition]','432c53f4-aef0-4d61-a040-36cc5cfdf020','4bc9b7c9-5d41-4ffc-94e8-d27cb1a30373',NULL,'https://res.cloudinary.com/dawbc3ysp/image/upload/v1628239129/Elearning/p6isenp9ddaaxzcvv0bx.jpg',90,86,NULL,'Learn how to connect your Angular Frontend to a NodeJS & Express & MongoDB Backend by building a real Application','<p>Build real Angular + NodeJS applications</p><p>Understand how Angular works and how it interacts with Backends</p><p>Connect any Angular Frontend with a NodeJS Backend</p><p>Use MongoDB with Mongoose to interact with Data on the Backend</p><p>Use ExpressJS as a NodeJS Framework</p><p>Provide a great user experience by using Optimistic Updating on the Frontend</p><p>Improve any Angular (+ NodeJS) application by adding Error Handling</p>',0,NULL,1,_binary '\0','2021-08-12 20:19:52',NULL,'2021-08-26 15:38:49',NULL,_binary '\0'),('97f84161-cf4d-4975-ba6d-9953c34226ee','Python for Finance: Investment Fundamentals & Data Analytics','179c9217-996f-4206-b8b0-27dfb41179ca','ef6e5a5a-4127-400e-936a-bb369ba5899e',NULL,'https://res.cloudinary.com/dawbc3ysp/image/upload/v1628241487/Elearning/toyuv2zrlodg0extp18v.jpg',90,86,NULL,'Learn Python Programming and Conduct Real-World Financial Analysis in Python - Complete Python Training','<p>Learn how to code in Python</p><p>Take your career to the next level</p><p>Work with Python’s conditional statements, functions, sequences, and loops</p><p>Work with scientific packages, like NumPy</p><p>Understand how to use the data analysis toolkit, Pandas</p><p>Plot graphs with Matplotlib</p><p>Use Python to solve real-world tasks</p><p>Get a job as a data scientist with Python</p><p>Acquire solid financial acumen</p><p>Carry out in-depth investment analysis</p><p>Build investment portfolios</p><p>Calculate risk and return of individual securities</p><p>Calculate risk and return of investment portfolios</p><p>Apply best practices when working with financial data</p><p>Use univariate and multivariate regression analysis</p><p>Understand the Capital Asset Pricing Model</p><p>Compare securities in terms of their Sharpe ratio</p><p>Perform Monte Carlo simulations</p><p>Learn how to price options by applying the Black Scholes formula</p><p>Be comfortable applying for a developer job in a financial institution</p>',0,NULL,4,_binary '\0','2021-08-12 20:14:32',NULL,'2021-08-22 20:14:32',NULL,_binary '\0'),('a2b86a1d-bed0-40f0-bc9b-11c38a7a9b1f','Flutter & Firebase: Build a Complete App for iOS & Android','47f5610a-8e06-4cc7-8481-aa908badee30','e0c6ef12-4ad1-4092-b2eb-ec64fc5d294f',NULL,'https://res.cloudinary.com/dawbc3ysp/image/upload/v1628241504/Elearning/pkpeexij5ftuxzxdmjv6.jpg',90,15,NULL,'Learn Dart, Flutter & Firebase by Google, and build a real-world, production ready app','<p>Build a complete, real-world app with Flutter &amp; Firebase</p><p>Write iOS &amp; Android apps with a single codebase</p><p>Write production-ready code following best practices and become a competent Flutter developer</p><p>Fast-track your Flutter learning with practical tips and proven techniques</p>',0,NULL,7,_binary '\0','2021-08-16 16:00:41',NULL,'2021-08-26 16:18:25',NULL,_binary '\0'),('a32239c7-9c8f-4c2f-927e-2febff795682','Node.js, Express, MongoDB & More: The Complete Bootcamp 2021','432c53f4-aef0-4d61-a040-36cc5cfdf020','b1607d70-67c0-4c4c-b142-90f265702d61',NULL,'https://res.cloudinary.com/dawbc3ysp/image/upload/v1628239176/Elearning/nucnazk8jkmoikusjpt4.jpg',90,15,NULL,'Master Node by building a real-world RESTful API and web app (with authentication, Node.js security, payments & more)','<p>Master the entire modern back-end stack: Node, Express, MongoDB and Mongoose (MongoDB JS driver)</p><p>Build a complete, beautiful &amp; real-world application from start to finish (API and server-side rendered website)</p><p>Build a fast, scalable, feature-rich RESTful API (includes filters, sorts, pagination, and much more)</p><p>Learn how Node really works behind the scenes: event loop, blocking vs non-blocking code, streams, modules, etc.</p><p>CRUD operations with MongoDB and Mongoose</p><p>Deep dive into mongoose (including all advanced features)</p><p>How to work with data in NoSQL databases (including geospatial data)</p><p>Advanced authentication and authorization (including password reset)</p><p>Security: encryption, sanitization, rate limiting, etc.</p><p>Server-side website rendering with Pug templates</p><p>Credit card payments with Stripe</p><p>Sending emails &amp; uploading files</p><p>Deploy the final application to production (including a Git crash-course)</p><p>Downloadable videos, code and design assets for projects<br>&nbsp;</p>',0,NULL,2,_binary '\0','2021-08-23 15:28:26',NULL,'2021-08-26 15:39:36',NULL,_binary '\0'),('a8ea778d-af03-4760-b13d-577f740f1230','React Native: Advanced Concepts','9cdc4184-f1ed-478e-9486-39866aa8d526','2b86ebee-959f-4e90-b48e-fc621af97e0e',NULL,'https://res.cloudinary.com/dawbc3ysp/image/upload/v1628239176/Elearning/nucnazk8jkmoikusjpt4.jpg',100,86,NULL,'Master the advanced topics of React Native: Animations, Maps, Notifications, Navigation and More!','<p>Make compelling applications using expert-level features of React Native</p><p>Create amazingly smooth and performant animations</p><p>Build new React Native apps with Expo</p><p>Understand the latest Navigation options for new React Native apps</p><p>Add logic to your Firebase backend with Google Cloud Functions</p><p>Update your users with cross platform Push Notifications</p><p>Handle your users going offline with Redux Persist</p>',0,NULL,5,_binary '\0','2021-08-24 20:27:18',NULL,'2021-08-22 20:27:18',NULL,_binary '\0'),('aa53cbaf-9feb-43eb-aef8-5edeecf1e8f2','Modern React with Redux','0f80b622-3f92-407e-a374-9a4dc33cf843','e0c6ef12-4ad1-4092-b2eb-ec64fc5d294f',NULL,'https://res.cloudinary.com/dawbc3ysp/image/upload/v1628236524/Elearning/lilycl3o9crwrhbnqjhc.jpg',90,0,NULL,'Master React and Redux with React Router, Webpack, and Create-React-App. Includes Hooks!','<p>Build amazing single page applications with React JS and Redux</p><p>Master fundamental concepts behind structuring Redux applications</p><p>Realize the power of building composable components</p><p>Be the engineer who explains how Redux works to everyone else, because you know the fundamentals so well</p><p>Become fluent in the toolchain supporting React, including NPM, Webpack, Babel, and ES6/ES2015 Javascript syntax</p>',0,NULL,8,_binary '\0','2021-08-16 14:46:59',NULL,'2021-08-26 14:55:25',NULL,_binary '\0'),('b3c2d0d2-210a-4fda-b1de-b937932003a5','Modern JavaScript From The Beginning','9544b99e-5176-4d69-abc2-eb8f780a2d2f','4bc9b7c9-5d41-4ffc-94e8-d27cb1a30373',NULL,'https://res.cloudinary.com/dawbc3ysp/image/upload/v1628234582/Elearning/xggctv6ztuwl6glvrqeq.jpg',150,40,NULL,'Learn and build projects with pure JavaScript (No frameworks or libraries)','<p>Modular learning sections &amp; 10 real world projects with pure JavaScript</p><p>Master the DOM (document object model) WITHOUT jQuery</p><p>Asynchronous programming with Ajax, Fetch API, Promises &amp; Async / Await</p><p>OOP including ES5 prototypes &amp; ES2015 classes</p><p>Learn JavaScript Patterns</p><p>Regular expressions, error handling, localStorage &amp; more</p>',0,NULL,3,_binary '\0','2021-08-24 13:59:14',NULL,'2021-08-26 14:23:03',NULL,_binary '\0'),('b58e62be-80e9-4f39-a238-8afbe84e445e','React Native - The Practical Guide [2021 Edition]','9cdc4184-f1ed-478e-9486-39866aa8d526','2b86ebee-959f-4e90-b48e-fc621af97e0e',NULL,'https://res.cloudinary.com/dawbc3ysp/image/upload/v1628236524/Elearning/lilycl3o9crwrhbnqjhc.jpg',100,15,NULL,'Use React Native and your React knowledge to build native iOS and Android Apps - incl. Push Notifications, Hooks, Redux','<p>Build native mobile apps with JavaScript and React</p><p>Dive deeper into React Native</p><p>Develop cross-platform (iOS and Android) mobile apps without knowing Swift, ObjectiveC or Java/ Android</p>',0,NULL,5,_binary '\0','2021-08-19 20:26:43',NULL,'2021-08-22 20:26:43',NULL,_binary '\0'),('c2e31033-aabb-4c80-b78f-a3d975d11271','Learning Python for Data Analysis and Visualization','179c9217-996f-4206-b8b0-27dfb41179ca','e0c6ef12-4ad1-4092-b2eb-ec64fc5d294f',NULL,'https://res.cloudinary.com/dawbc3ysp/image/upload/v1628236524/Elearning/lilycl3o9crwrhbnqjhc.jpg',90,86,NULL,'Learn python and how to use it to analyze,visualize and present data. Includes tons of sample code and hours of video!','<p>Have an intermediate skill level of Python programming.</p><p>Use the Jupyter Notebook Environment.</p><p>Use the numpy library to create and manipulate arrays.</p><p>Use the pandas module with Python to create and structure data.</p><p>Learn how to work with various data formats within python, including: JSON,HTML, and MS Excel Worksheets.</p><p>Create data visualizations using matplotlib and the seaborn modules with python.</p><p>Have a portfolio of various data analysis projects.</p>',0,NULL,4,_binary '\0','2021-08-20 20:13:30',NULL,'2021-08-22 20:13:30',NULL,_binary '\0'),('c535f46d-4523-4a80-a6ee-fe3bdaf395d3','Build a Social Network with Flutter and Firebase','47f5610a-8e06-4cc7-8481-aa908badee30','ef6e5a5a-4127-400e-936a-bb369ba5899e',NULL,'https://res.cloudinary.com/dawbc3ysp/image/upload/v1628241524/Elearning/k1yxxs5ipla6qxzj1lep.jpg',30,0,NULL,'Make a complete mobile social media app like Twitter, Instagram or Facebook using Flutter and Firebase!','<p>How to build a complete social network with Flutter and Firebase!</p>',0,NULL,1,_binary '\0','2021-08-16 16:01:06',NULL,'2021-08-26 16:18:44',NULL,_binary '\0'),('c5bbbbbe-e005-4f58-8cea-c3bf88fb799d','GraphQL with React: The Complete Developers Guide','0f80b622-3f92-407e-a374-9a4dc33cf843','ef6e5a5a-4127-400e-936a-bb369ba5899e',NULL,'https://res.cloudinary.com/dawbc3ysp/image/upload/v1628236660/Elearning/hikt1ayutqucnmmt7oar.jpg',80,25,NULL,'Learn and master GraphQL by building real web apps with React and Node','<p>Build amazing single page applications with React JS and GraphQL</p><p>Master fundamental concepts behind structuring GraphQL servers</p><p>Realize the power of building flexible data schemas</p><p>Be the engineer who explains how GraphQL works to everyone else, because you know the fundamentals so well</p><p>Become fluent in the ecosystem supporting GraphQL, including the differences between Apollo and Relay</p>',0,NULL,1,_binary '\0','2021-08-17 14:48:52',NULL,'2021-08-26 14:57:41',NULL,_binary '\0'),('cb42dd89-aa59-421e-9d08-5b62099f67ec','Unity & C# - Build A Complete 2D Mobile Platformer Game','be0b88fe-4c75-4ce8-935a-38dd3be0fb5b','2b86ebee-959f-4e90-b48e-fc621af97e0e',NULL,'https://res.cloudinary.com/dawbc3ysp/image/upload/v1628241524/Elearning/k1yxxs5ipla6qxzj1lep.jpg',90,84,NULL,'Learn How to Develop a Complete 2D Mobile Platformer Game in Unity C# From Start to Launch in Google Play Store','<p>Create a mobile platformer from scratch to launch in Google Play Store</p><p>Easily monetize your game with AdMob banner and interstitial ads</p><p>Master Sixteen Popular Platformer Game Mechanics like Background Parallax, Breakable Crates, Coin Pickup Effects and more</p><p>Create an animated 2D game character with behaviors like left/right movement, jump, fire bullets, pickup coins, crush enemies, water splash and more</p><p>Design/Update levels 10x faster using my Unity asset: Level Designer</p><p>Implement Level Locking/Unlocking with awarded stars showing below level buttons in the Level Select Menu</p><p>Create and work with Prefabs</p><p>Use the components of Unity 2d Physics like Rigidbody2d</p><p>Work with Colliders and Collision Detection</p><p>Understand best practices of Level Design</p><p>Create Your Own 2D Player Controller</p><p>Easily create and work with a custom binary database file</p><p>Program useful gameobjects like GameController, AdsController, DataController etc using Singleton pattern</p><p>Program enemy characters with basic AI</p><p>Create a challenging boss battle</p><p>Build &amp; test your game on an Android device</p><p>Deploy your finished game to Google Play store</p><p>Best practices of working within Unity editor and C# scripting</p><p>Take practice quizzes after every section</p>',0,NULL,2,_binary '\0','2021-08-17 20:31:12',NULL,'2021-08-22 20:31:12',NULL,_binary '\0'),('cdb565e0-c302-4ee0-98a3-639f653bf954','The Complete Flutter UI Masterclass | iOS, Android, & Web','47f5610a-8e06-4cc7-8481-aa908badee30','b1607d70-67c0-4c4c-b142-90f265702d61',NULL,'https://res.cloudinary.com/dawbc3ysp/image/upload/v1628241537/Elearning/zrs19r23kyeexfcit4xj.jpg',95,15,NULL,'The Complete Flutter UI Masterclass | iOS, Android, & Web','<p>Build beautiful mobile and web UI with Flutter and Dart</p><p>Learn how to implement basic and advanced Flutter widgets</p><p>Design and implement your own custom widgets</p><p>Visualize data with Flutter</p>',0,NULL,4,_binary '\0','2021-08-25 16:01:55',NULL,'2021-08-26 16:18:58',NULL,_binary '\0'),('cebf84f1-e0ab-4bfe-a77e-4d2b8442fdeb','The Modern Javascript Bootcamp Course (2021)','9544b99e-5176-4d69-abc2-eb8f780a2d2f','2b86ebee-959f-4e90-b48e-fc621af97e0e',NULL,'https://res.cloudinary.com/dawbc3ysp/image/upload/v1628234639/Elearning/kr2wxtmgq4mjfzli5bzr.jpg',90,0,NULL,'The most up-to-date JS resource online! Master Javascript by building a beautiful portfolio of projects!','<p>Learn everything there is to know about Javascript - from scratch!</p><p>Build beautiful web apps to add to your portfolio</p><p>Get job ready with a deep understanding of the internals of JS</p><p>Work with Node JS and Express</p><p>Create a full E-Commerce app complete with authentication</p><p>Automate testing your code by creating your own custom testing framework!</p><p>Build your own physics-based JavaScript game</p><p>Understand how Javascript developers work on a day-to-day basis</p><p>Master the latest JS features like async and arrow functions</p>',0,NULL,1,_binary '\0','2021-08-19 14:01:20',NULL,'2021-08-26 14:24:00',NULL,_binary '\0'),('d4c81530-324a-43f0-841a-b0e1efcb6602','Unreal Engine Blueprint Game Developer','b3b55bad-94c6-47dd-a55b-cd60a8f4c6e5','b1607d70-67c0-4c4c-b142-90f265702d61',NULL,'https://res.cloudinary.com/dawbc3ysp/image/upload/v1628241524/Elearning/k1yxxs5ipla6qxzj1lep.jpg',100,70,NULL,'Code Your First Video Game in 100 minutes with Visual Scripting. Created in collaboration with Epic Games.','<p>Create simple complete games to share with friends.</p><p>Develop using the Unreal Engine 4 editor.</p><p>Learn to program using Blueprints, without needing to write code.</p><p>Create and package playable game projects.</p><p>Model basic levels in BSP.</p><p>Understand how to use the Unreal Editor interface.</p>',0,NULL,2,_binary '\0','2021-08-17 20:29:12',NULL,'2021-08-22 20:29:12',NULL,_binary '\0'),('d8415ccc-d053-45db-8fe9-b39fafaae48b','Node with React: Fullstack Web Development','0f80b622-3f92-407e-a374-9a4dc33cf843','52956955-0456-412f-9f85-058663a63ff0',NULL,'https://res.cloudinary.com/dawbc3ysp/image/upload/v1628236564/Elearning/tldtecjhkcjrgqqo5w05.jpg',90,10,NULL,'Build and deploy fullstack web apps with NodeJS, React, Redux, Express, and MongoDB.','<p>Create boilerplate starter projects with React, Redux, Express, and Mongo</p><p>Understand common web technologies and design patterns to connect them together</p><p>Master deployment techniques between the production and development environments</p><p>Make an app with Google OAuth authentication</p><p>Learn to effectively create and send emails from a backend server</p><p>Accept and process credit card payments from users</p>',0,NULL,3,_binary '\0','2021-08-17 14:47:40',NULL,'2021-08-26 14:56:05',NULL,_binary '\0'),('de922ffb-50db-4c9d-bbe6-44d56f90559e','Learn and Understand NodeJS','432c53f4-aef0-4d61-a040-36cc5cfdf020','e0c6ef12-4ad1-4092-b2eb-ec64fc5d294f',NULL,'https://res.cloudinary.com/dawbc3ysp/image/upload/v1628239117/Elearning/gbq8vsr0mdda9bb0v4lr.jpg',90,50,NULL,'Dive deep under the hood of NodeJS. Learn V8, Express, the MEAN stack, core Javascript concepts, and more.','<p>Grasp how NodeJS works under the hood</p><p>Understand the Javascript and technical concepts behind NodeJS</p><p>Structure a Node application in modules</p><p>Understand and use the Event Emitter</p><p>Understand Buffers, Streams, and Pipes</p><p>Build a Web Server in Node and understand how it really works</p><p>Use npm and manage node packages</p><p>Build a web application and API more easily using Express</p><p>Connect to a SQL or Mongo database in Node</p><p>Understand how the MEAN stack works</p><p>Be the coder that explains NodeJS to everyone else because you understand it better than anyone else</p>',0,NULL,2,_binary '\0','2021-08-22 20:19:21',NULL,'2021-08-26 15:38:38',NULL,_binary '\0'),('e271021d-b13c-4ec8-adcf-2d3dac6974ed','SQL for Data Analysis: Weekender Crash Course for Beginners','397cea03-87f2-404d-822f-17fc589c8c90','e0c6ef12-4ad1-4092-b2eb-ec64fc5d294f',NULL,'https://res.cloudinary.com/dawbc3ysp/image/upload/v1628236564/Elearning/tldtecjhkcjrgqqo5w05.jpg',140,84,NULL,'Using MySQL but applicable to Oracle SQL, Microsoft SQL Server, and PostgreSQL. Taught by a Data Scientist and PM.','<p>Analyze user behavior</p><p>Find actionable customer/business insights</p><p>Make data-driven decisions</p><p>Measure and track marketing efforts</p><p>Discover sexy marketing stats (e.g. 1 in 4 people love toast!)</p>',0,NULL,1,_binary '\0','2021-08-22 20:16:17',NULL,'2021-08-23 20:16:17',NULL,_binary '\0'),('f945c561-09be-4f68-8f4e-f6b81659a5aa','The Data Science Course 2021: Complete Data Science Bootcamp','397cea03-87f2-404d-822f-17fc589c8c90','4bc9b7c9-5d41-4ffc-94e8-d27cb1a30373',NULL,'https://res.cloudinary.com/dawbc3ysp/image/upload/v1628236564/Elearning/tldtecjhkcjrgqqo5w05.jpg',90,86,NULL,'Complete Data Science Training: Mathematics, Statistics, Python, Advanced Statistics in Python, Machine & Deep Learning','<p>The course provides the entire toolbox you need to become a data scientist</p><p>Fill up your resume with in demand data science skills: Statistical analysis, Python programming with NumPy, pandas, matplotlib, and Seaborn, Advanced statistical analysis, Tableau, Machine Learning with stats models and scikit-learn, Deep learning with TensorFlow</p><p>Impress interviewers by showing an understanding of the data science field</p><p>Learn how to pre-process data</p><p>Understand the mathematics behind Machine Learning (an absolute must which other courses don’t teach!)</p><p>Start coding in Python and learn how to use it for statistical analysis</p><p>Perform linear and logistic regressions in Python</p><p>Carry out cluster and factor analysis</p><p>Be able to create Machine Learning algorithms in Python, using NumPy, statsmodels and scikit-learn</p><p>Apply your skills to real-life business cases</p><p>Use state-of-the-art Deep Learning frameworks such as Google’s TensorFlowDevelop a business intuition while coding and solving tasks with big data</p><p>Unfold the power of deep neural networks</p><p>Improve Machine Learning algorithms by studying underfitting, overfitting, training, validation, n-fold cross validation, testing, and how hyperparameters could improve performance</p><p>Warm up your fingers as you will be eager to apply everything you have learned here to more and more real-life situations</p>',0,NULL,4,_binary '\0','2021-08-14 20:16:48',NULL,'2021-08-22 20:16:48',NULL,_binary '\0'),('fc494b77-d57b-4b72-8420-f2e801b7597b','Complete React Developer in 2021 (w/ Redux, Hooks, GraphQL)','0f80b622-3f92-407e-a374-9a4dc33cf843','52956955-0456-412f-9f85-058663a63ff0',NULL,'https://res.cloudinary.com/dawbc3ysp/image/upload/v1628236640/Elearning/rd2mizosgpfxnjx84zdr.jpg',85,20,NULL,'Become a Senior React Developer! Build a massive E-commerce app with Redux, Hooks, GraphQL, ContextAPI, Stripe, Firebase','<p>Build enterprise level React applications and deploy to production</p><p>Learn to build reactive, performant, large scale applications like a senior developer</p><p>Learn the latest features in React including Hooks, Context API, Suspense, React Lazy + more</p><p>Master the latest ecosystem of a React Developer from scratch</p><p>Become the top 10% ReactJS Developer</p><p>Using GraphQL as a React Developer</p><p>Use Redux, Redux Thunk and Redux Saga in your applications</p><p>Learn to compare tradeoffs when it comes to different state management</p><p>Set up authentication and user accounts</p><p>Use Firebase to build full stack applications</p><p>Learn to lead React projects by making good architecture decisions and helping others on your team</p><p>Master React Design Patterns</p><p>Learn CSS in JS with styled-components</p><p>Routing with React Router</p><p>Converting apps to Progressive Web Apps</p><p>Testing your application with Jest, Enzyme and snapshot testing</p><p>Handling online payments with Stripe API</p><p>Using the latest ES6/ES7/ES8/ES9/ES10/ES11 JavaScript to write clean code</p>',0,NULL,2,_binary '\0','2021-08-24 14:48:06',NULL,'2021-08-26 14:57:20',NULL,_binary '\0'),('ff892ae9-b56f-467f-ab81-f0cb5bbf3f77','The Modern GraphQL Bootcamp (with Node.js and Apollo)','432c53f4-aef0-4d61-a040-36cc5cfdf020','e0c6ef12-4ad1-4092-b2eb-ec64fc5d294f',NULL,'https://res.cloudinary.com/dawbc3ysp/image/upload/v1628239230/Elearning/tqpuq2zlkuuh9qwb3ls0.jpg',85,50,NULL,'Learn how to build GraphQL applications using Node.js. Includes Prisma v1, authentication, Apollo Client, and more!','<p>Learn and master GraphQL by building real-world Node applications.</p><p>Use Prisma v1 to store and access data from a production database.</p><p>Use Apollo Client to communicate with GraphQL from your web app.</p><p>Learn how to deploy and test your GraphQL applications.</p><p>Test your skills and gain confidence by completing more than 80 coding challenges.</p><p>Get access to a free 110-page PDF guide with lecture notes, code samples, and documentation links.</p><p><br>&nbsp;</p>',0,NULL,1,_binary '\0','2021-08-23 15:30:01',NULL,'2021-08-26 15:40:31',NULL,_binary '\0');
/*!40000 ALTER TABLE `course` ENABLE KEYS */;
UNLOCK TABLES;

--
-- Table structure for table `lesson`
--

DROP TABLE IF EXISTS `lesson`;
/*!40101 SET @saved_cs_client     = @@character_set_client */;
/*!50503 SET character_set_client = utf8mb4 */;
CREATE TABLE `lesson` (
  `id` varchar(100) NOT NULL,
  `lessonName` varchar(200) NOT NULL,
  `course_id` varchar(100) NOT NULL,
  `isDone` bit(1) NOT NULL DEFAULT b'0',
  `isDeleted` bit(1) NOT NULL DEFAULT b'0',
  `logCreatedBy` varchar(100) DEFAULT NULL,
  `logCreatedDate` varchar(100) DEFAULT NULL,
  `logUpdatedDate` varchar(100) DEFAULT NULL,
  `video` varchar(150) DEFAULT NULL,
  `lessonContent` text NOT NULL,
  PRIMARY KEY (`id`)
) ENGINE=InnoDB DEFAULT CHARSET=utf8mb4 COLLATE=utf8mb4_0900_ai_ci;
/*!40101 SET character_set_client = @saved_cs_client */;

--
-- Dumping data for table `lesson`
--

LOCK TABLES `lesson` WRITE;
/*!40000 ALTER TABLE `lesson` DISABLE KEYS */;
INSERT INTO `lesson` VALUES ('04a1eafa-ee0a-49e9-948d-3c87c65ea9b5','Lesson 1: Databases in Clinical Informatics','0b96c7e8-e793-48ee-b4f5-e894a69ad49e',_binary '\0',_binary '\0',NULL,'2021-08-26 20:31:52.476','2021-08-26 20:31:52.476','https://res.cloudinary.com/dawbc3ysp/video/upload/v1629984712/Elearning/tariljv3esjommxhcqum_xpysqd.mp4','<p>Official Lesson</p>'),('0501c049-a6c5-4464-87fe-d89c961d23a8','3: Model Data Efficiently','cebf84f1-e0ab-4bfe-a77e-4d2b8442fdeb',_binary '\0',_binary '\0',NULL,'2021-08-06 20:00:38.934','2021-08-06 20:00:38.934','https://res.cloudinary.com/dawbc3ysp/video/upload/v1628254837/Elearning/evesayzzo46h4pvfyuoj_vfwmnq.mp4','<p>The Modern Javascript Bootcamp Course</p>'),('09008605-3002-4cbf-bfa4-9f67164fda4b','Lesson 4: Introduction to Clinical Data','01023f66-81ec-4eb7-89ba-57e6af7ee899',_binary '\0',_binary '\0',NULL,'2021-08-26 20:28:00.051','2021-08-26 20:28:00.051','https://res.cloudinary.com/dawbc3ysp/video/upload/v1629984479/Elearning/sty5pph8ltwbg1spnd3y_mwndeu.mp4','<p>Official Lesson</p>'),('0a3d732e-c22d-42ef-92da-4ea3fd9c3c24','L1. Welcome to Course','373364dd-92c1-4773-a295-908330050074',_binary '\0',_binary '\0',NULL,'2021-08-06 18:55:25.129','2021-08-06 18:55:25.129','https://res.cloudinary.com/dawbc3ysp/video/upload/v1628250924/Elearning/tariljv3esjommxhcqum_bodzgx.mp4','<p>Advanced React and Redux</p>'),('0db5fbf8-e13b-479d-aa79-a96ea7a522e3','Lesson 3: Const/Let','705669fe-297f-43d9-b3a9-0055a3cd5f8e',_binary '\0',_binary '\0',NULL,'2021-08-06 19:49:56.329','2021-08-06 19:49:56.329','https://res.cloudinary.com/dawbc3ysp/video/upload/v1628254194/Elearning/evesayzzo46h4pvfyuoj_qjxune.mp4','<p>ES6 Javascript: The Complete Developer\'s Guide</p>'),('0dd7ce51-f734-4e74-8014-13474e1c0326','1: Form Validation','88c8b37d-d4e7-4209-9d0c-1f4cd61f3a91',_binary '\0',_binary '\0',NULL,'2021-08-06 19:56:12.627','2021-08-06 19:56:12.627','https://res.cloudinary.com/dawbc3ysp/video/upload/v1628254572/Elearning/tariljv3esjommxhcqum_lr41vu.mp4','<p>Vanilla JavaScript</p>'),('10b0b63e-869e-4ea5-8ea9-ce2aca566089','4: Java script vs Java','228dae17-2529-455a-95c0-eaa204820de8',_binary '\0',_binary '\0',NULL,'2021-08-06 19:35:23.882','2021-08-06 19:35:23.882','https://res.cloudinary.com/dawbc3ysp/video/upload/v1628253323/Elearning/sty5pph8ltwbg1spnd3y_orctr9.mp4','<p>JavaScript (Beginner + Advanced)</p>'),('12189b94-875c-4792-a9bc-27cd860e7253','4. Tổng kết','aa53cbaf-9feb-43eb-aef8-5edeecf1e8f2',_binary '\0',_binary '\0',NULL,'2021-08-06 19:12:00.357','2021-08-06 19:12:00.357','https://res.cloudinary.com/dawbc3ysp/video/upload/v1628251919/Elearning/sty5pph8ltwbg1spnd3y_qyt8et.mp4','<p>Modern React with Redux</p>'),('12710c38-1aa8-42f2-9f83-b68ef88173dc','2. What is reactjs','200ac9d7-ac0e-48d4-a0f8-8f7ecdfe7104',_binary '\0',_binary '\0',NULL,'2021-08-06 18:39:49.959','2021-08-06 18:39:49.959','https://res.cloudinary.com/dawbc3ysp/video/upload/v1628249988/Elearning/r6ovnxbqqpdzcbjthbwf_ytjmtz.mp4','<p>React - The Complete Guide</p>'),('17788010-3a87-4e4e-a7ec-c64b1e7f1446','Bài 1 - Redux là gì','0d01411b-e050-408d-b745-1947d7b019ad',_binary '\0',_binary '\0',NULL,'2021-08-06 17:30:08.663','2021-08-06 17:30:08.663','https://res.cloudinary.com/dawbc3ysp/video/upload/v1628245807/Elearning/r6ovnxbqqpdzcbjthbwf.mp4','<p>Bài giảng chính thức của khóa học</p>'),('1ad83658-6e06-4366-9dd4-29d8f3f464cd','Bài 3: Các thuật ngữ chuyên ngành','3ca5a3d3-926b-4cf5-b498-03f06798644a',_binary '\0',_binary '\0',NULL,'2021-08-06 19:02:39.174','2021-08-06 19:02:39.174','https://res.cloudinary.com/dawbc3ysp/video/upload/v1628251358/Elearning/evesayzzo46h4pvfyuoj_edbjeh.mp4','<p>React Testing</p>'),('1d67c01b-bd21-491f-9516-e4d07d576f27','Lesson 1: Business Understanding','0dbe88bd-d1f5-4cd2-bf3b-bc8105be9783',_binary '\0',_binary '\0',NULL,'2021-08-26 20:33:41.721','2021-08-26 20:33:41.721','https://res.cloudinary.com/dawbc3ysp/video/upload/v1629984821/Elearning/tariljv3esjommxhcqum_s8q33w.mp4','<p>Official Lesson</p>'),('1e093a84-bff8-40eb-9d38-902dff04068d','Lesson 4: Asynchronous JS','7167ba30-4595-450b-b0b9-13dd92bdac18',_binary '\0',_binary '\0',NULL,'2021-08-06 19:53:39.867','2021-08-06 19:53:39.867','https://res.cloudinary.com/dawbc3ysp/video/upload/v1628254417/Elearning/sty5pph8ltwbg1spnd3y_krc4in.mp4','<p>JavaScript: The Advanced Concepts</p>'),('1e209595-ff8b-4dc3-afb0-5bf463eeffb6','Lesson 2: Sets - Medical Testing Example','1616c1da-b82f-4b32-8ba3-b30568491ac4',_binary '\0',_binary '\0',NULL,'2021-08-26 20:35:18.651','2021-08-26 20:35:18.651','https://res.cloudinary.com/dawbc3ysp/video/upload/v1629984918/Elearning/r6ovnxbqqpdzcbjthbwf_lqhln5.mp4','<p>Official Lesson</p>'),('1f02bdec-ca4f-472c-93a0-72fe023ca693','1: What is JavaScript','228dae17-2529-455a-95c0-eaa204820de8',_binary '\0',_binary '\0',NULL,'2021-08-06 19:35:06.246','2021-08-06 19:35:06.246','https://res.cloudinary.com/dawbc3ysp/video/upload/v1628253305/Elearning/tariljv3esjommxhcqum_pyfr6g.mp4','<p>JavaScript (Beginner + Advanced)</p>'),('23e0db84-71b6-405e-8cc4-6d6a48f01690','Lesson 2: Serverside Architecture','d8415ccc-d053-45db-8fe9-b39fafaae48b',_binary '\0',_binary '\0',NULL,'2021-08-06 19:19:48.807','2021-08-06 19:19:48.807','https://res.cloudinary.com/dawbc3ysp/video/upload/v1628252387/Elearning/r6ovnxbqqpdzcbjthbwf_vqqidn.mp4','<p>Node with React</p>'),('2655e634-96b2-45c3-8749-fe32bf5ebad0','Lesson 2: First Joke','03abe971-62ae-4e8e-89e2-6a91ea8144c4',_binary '\0',_binary '\0',NULL,'2021-08-26 20:26:10.139','2021-08-26 20:26:10.139','https://res.cloudinary.com/dawbc3ysp/video/upload/v1629984369/Elearning/r6ovnxbqqpdzcbjthbwf_aax0qh.mp4','<p>Official Lesson</p>'),('27400764-eedb-419c-9661-9409ef347fac','2: Serverside','11b139e3-23a5-42cb-8618-d4296502fc7f',_binary '\0',_binary '\0',NULL,'2021-08-06 19:31:29.376','2021-08-06 19:31:29.376','https://res.cloudinary.com/dawbc3ysp/video/upload/v1628253087/Elearning/r6ovnxbqqpdzcbjthbwf_fmt9rm.mp4','<p>HTML, CSS & JavaScript</p>'),('29977ce9-42cd-4baf-9fef-20f4fdf1e6e0','Bài 4: Cài đặt và các phương thức','3ca5a3d3-926b-4cf5-b498-03f06798644a',_binary '\0',_binary '\0',NULL,'2021-08-06 19:02:43.736','2021-08-06 19:02:43.736','https://res.cloudinary.com/dawbc3ysp/video/upload/v1628251363/Elearning/sty5pph8ltwbg1spnd3y_dmeful.mp4','<p>React Testing</p>'),('29ef42bf-ff51-4560-a06e-e1c45541ee03','Lesson 5: Solving Problems: Programming vs. Machine Learning','178c67e9-08ef-40f9-a654-46525ad6f917',_binary '\0',_binary '\0',NULL,'2021-08-26 20:37:23.873','2021-08-26 20:37:23.873','https://res.cloudinary.com/dawbc3ysp/video/upload/v1629985043/Elearning/ihsnoi4cg8ohs7mcnczg_vkbovh.mp4','<p>Official Lesson</p>'),('2b7466d0-a172-4622-b5a6-75301d03b475','Lesson 5: Big Data Analytics','03abe971-62ae-4e8e-89e2-6a91ea8144c4',_binary '\0',_binary '\0',NULL,'2021-08-26 20:26:22.384','2021-08-26 20:26:22.384','https://res.cloudinary.com/dawbc3ysp/video/upload/v1629984381/Elearning/ihsnoi4cg8ohs7mcnczg_pcvaxq.mp4','<p>Official Lesson</p>'),('2db1ff95-b28e-405c-bc6a-f3ce7483f04b','L4: Store Install','373364dd-92c1-4773-a295-908330050074',_binary '\0',_binary '\0',NULL,'2021-08-06 18:55:41.681','2021-08-06 18:55:41.681','https://res.cloudinary.com/dawbc3ysp/video/upload/v1628250940/Elearning/sty5pph8ltwbg1spnd3y_dejg8d.mp4','<p>Advanced React and Redux</p>'),('30521dd5-20ff-417e-94b4-c39b84c0753a','Lesson 3: Introduction to the MIMIC-III Data Set','01023f66-81ec-4eb7-89ba-57e6af7ee899',_binary '\0',_binary '\0',NULL,'2021-08-26 20:27:56.246','2021-08-26 20:27:56.246','https://res.cloudinary.com/dawbc3ysp/video/upload/v1629984475/Elearning/evesayzzo46h4pvfyuoj_jsxwmn.mp4','<p>Official Lesson</p>'),('3083d3b9-8a96-416c-9d73-5d9faac524be','9. Event','200ac9d7-ac0e-48d4-a0f8-8f7ecdfe7104',_binary '\0',_binary '\0',NULL,'2021-08-06 18:40:38.734','2021-08-06 18:40:38.734','https://res.cloudinary.com/dawbc3ysp/video/upload/v1628250037/Elearning/qnz13g9m9qid06uki7w0_ik495x.mp4','<p>React - The Complete Guide</p>'),('33b27a6a-1b20-4ac1-b2a1-04fdaf061a29','1: Course OverView','285319fa-4f42-4218-838c-4c3228137ace',_binary '\0',_binary '\0',NULL,'2021-08-06 19:40:22.821','2021-08-06 19:40:22.821','https://res.cloudinary.com/dawbc3ysp/video/upload/v1628253622/Elearning/tariljv3esjommxhcqum_si2io7.mp4','<p>JavaScript BOOTCAMP</p>'),('37a423f2-6fc9-400c-a4ff-225244683f32','Lesson 4: Common Data Types III','0b96c7e8-e793-48ee-b4f5-e894a69ad49e',_binary '\0',_binary '\0',NULL,'2021-08-26 20:32:03.359','2021-08-26 20:32:03.359','https://res.cloudinary.com/dawbc3ysp/video/upload/v1629984722/Elearning/sty5pph8ltwbg1spnd3y_dynxjt.mp4','<p>Official Lesson</p>'),('390986c5-8026-4318-a99b-48554f14a9a3','2: JS Values & Variables','cebf84f1-e0ab-4bfe-a77e-4d2b8442fdeb',_binary '\0',_binary '\0',NULL,'2021-08-06 20:00:34.797','2021-08-06 20:00:34.797','https://res.cloudinary.com/dawbc3ysp/video/upload/v1628254833/Elearning/r6ovnxbqqpdzcbjthbwf_f0kqoq.mp4','<p>The Modern Javascript Bootcamp Course</p>'),('3a9b954e-2998-4b3d-a6f8-920e21066658','L3: How Redux work with React','373364dd-92c1-4773-a295-908330050074',_binary '\0',_binary '\0',NULL,'2021-08-06 18:55:34.231','2021-08-06 18:55:34.231','https://res.cloudinary.com/dawbc3ysp/video/upload/v1628250933/Elearning/evesayzzo46h4pvfyuoj_mifwiz.mp4','<p>Advanced React and Redux</p>'),('3c5d4aac-de5b-4ee2-84fb-98f29b4da810','Lesson 4: Data Collection','0dbe88bd-d1f5-4cd2-bf3b-bc8105be9783',_binary '\0',_binary '\0',NULL,'2021-08-26 20:33:53.450','2021-08-26 20:33:53.450','https://res.cloudinary.com/dawbc3ysp/video/upload/v1629984832/Elearning/sty5pph8ltwbg1spnd3y_mqppjs.mp4','<p>Official Lesson</p>'),('3d8fcb7c-8c85-4f12-8061-c3c368bdf266','Lesson 4: A day in the Life of a Data Scientist','037d5a6b-70f6-4b22-aedd-28c82f6f8a3d',_binary '\0',_binary '\0',NULL,'2021-08-26 20:30:30.914','2021-08-26 20:30:30.914','https://res.cloudinary.com/dawbc3ysp/video/upload/v1629984629/Elearning/sty5pph8ltwbg1spnd3y_cgz4fe.mp4','<p>Official Lesson</p>'),('3ee56877-e58f-4ec4-ac22-ebeaf8f19c05','Bài 6 - Action Creator','0d01411b-e050-408d-b745-1947d7b019ad',_binary '\0',_binary '\0',NULL,'2021-08-06 17:33:33.883','2021-08-06 17:33:33.883','https://res.cloudinary.com/dawbc3ysp/video/upload/v1628246012/Elearning/gwy0z3izup6ywr3s221s.mp4','<p>Bài giảng chính thức của khóa học</p>'),('4036a8b7-d27d-4ed9-808c-83b2da1f3476','Bài 2: Giới thiệu về React Testing','3ca5a3d3-926b-4cf5-b498-03f06798644a',_binary '\0',_binary '\0',NULL,'2021-08-06 19:02:34.403','2021-08-06 19:02:34.403','https://res.cloudinary.com/dawbc3ysp/video/upload/v1628251353/Elearning/r6ovnxbqqpdzcbjthbwf_hqafcz.mp4','<p>React Testing</p>'),('4225eb98-4693-4256-bd7a-cd98dd4ac49d','6. React Basic','200ac9d7-ac0e-48d4-a0f8-8f7ecdfe7104',_binary '\0',_binary '\0',NULL,'2021-08-06 18:40:11.243','2021-08-06 18:40:11.243','https://res.cloudinary.com/dawbc3ysp/video/upload/v1628250008/Elearning/okohizljxgpwui4ygpyn_x3cbfo.mp4','<p>React - The Complete Guide</p>'),('42be1539-db13-41f3-9766-8984c0813e9b','1. Lời nói đầu','83ddc5b1-e549-4e3c-b627-7dc3a7ad8d34',_binary '\0',_binary '\0',NULL,'2021-08-06 19:05:38.584','2021-08-06 19:05:38.584','https://res.cloudinary.com/dawbc3ysp/video/upload/v1628251538/Elearning/tariljv3esjommxhcqum_h9wgyn.mp4','<p>The Modern React Bootcamp</p>'),('42e7a967-658a-4c47-a112-5c5c31196e5d','Lesson 2: Helpers','705669fe-297f-43d9-b3a9-0055a3cd5f8e',_binary '\0',_binary '\0',NULL,'2021-08-06 19:49:51.642','2021-08-06 19:49:51.642','https://res.cloudinary.com/dawbc3ysp/video/upload/v1628254190/Elearning/r6ovnxbqqpdzcbjthbwf_jq3wwy.mp4','<p>ES6 Javascript: The Complete Developer\'s Guide</p>'),('4405f774-c35b-4cbc-8bef-902dabbe7076','Lesson 2: JavaScript Function and Objects!','28721c7e-b86e-40fc-bf9a-bb3927e7e7e9',_binary '\0',_binary '\0',NULL,'2021-08-06 19:42:59.406','2021-08-06 19:42:59.406','https://res.cloudinary.com/dawbc3ysp/video/upload/v1628253778/Elearning/r6ovnxbqqpdzcbjthbwf_cjehns.mp4','<p>JavaScript Course 2021: From Zero to Expert!</p>'),('470c9336-cf8f-48f9-abb0-7b621739d868','Lesson 1: Data-driven Decision Making for Data-centric Organizations','178c67e9-08ef-40f9-a654-46525ad6f917',_binary '\0',_binary '\0',NULL,'2021-08-26 20:37:08.005','2021-08-26 20:37:08.005','https://res.cloudinary.com/dawbc3ysp/video/upload/v1629985027/Elearning/tariljv3esjommxhcqum_zyqip1.mp4','<p>Official Lesson</p>'),('479e9023-6fd3-4653-93d8-bf0912818b74','1: Intro','b3c2d0d2-210a-4fda-b1de-b937932003a5',_binary '\0',_binary '\0',NULL,'2021-08-06 19:57:59.538','2021-08-06 19:57:59.538','https://res.cloudinary.com/dawbc3ysp/video/upload/v1628254678/Elearning/tariljv3esjommxhcqum_zvwaku.mp4','<p>Modern JavaScript From The Beginning</p>'),('4a714ebb-0a45-4022-bc9f-e859f5f50b1b','Bài 9 - React devtools','0d01411b-e050-408d-b745-1947d7b019ad',_binary '\0',_binary '\0',NULL,'2021-08-06 17:37:19.183','2021-08-06 17:37:19.183','https://res.cloudinary.com/dawbc3ysp/video/upload/v1628246238/Elearning/s4ccgetrpt03madvdjad.mp4','<p>Bài giảng chính thức của khóa học</p>'),('505b7344-3203-48b3-91ff-048d513b8793','Lesson 5: Encounters','01023f66-81ec-4eb7-89ba-57e6af7ee899',_binary '\0',_binary '\0',NULL,'2021-08-26 20:28:05.664','2021-08-26 20:28:05.664','https://res.cloudinary.com/dawbc3ysp/video/upload/v1629984483/Elearning/ihsnoi4cg8ohs7mcnczg_fc46qm.mp4','<p>Official Lesson</p>'),('57e61e8d-569b-4f8e-97a3-302a63b93d0f','Bài 3 - Các khái niệm trong Redux','0d01411b-e050-408d-b745-1947d7b019ad',_binary '\0',_binary '\0',NULL,'2021-08-06 17:31:42.814','2021-08-06 17:31:42.814','https://res.cloudinary.com/dawbc3ysp/video/upload/v1628245901/Elearning/sty5pph8ltwbg1spnd3y.mp4','<p>Bài giảng chính thức của khóa học</p>'),('5927b8b8-d4b4-4610-a565-b2e5745f9c52','L2: What is Redux','373364dd-92c1-4773-a295-908330050074',_binary '\0',_binary '\0',NULL,'2021-08-06 18:55:29.261','2021-08-06 18:55:29.261','https://res.cloudinary.com/dawbc3ysp/video/upload/v1628250928/Elearning/r6ovnxbqqpdzcbjthbwf_r8jsxw.mp4','<p>Advanced React and Redux</p>'),('5bf97459-9f71-4cbd-ba31-5e3cfb957893','Lesson 4: Big Data Applications','03abe971-62ae-4e8e-89e2-6a91ea8144c4',_binary '\0',_binary '\0',NULL,'2021-08-26 20:26:17.872','2021-08-26 20:26:17.872','https://res.cloudinary.com/dawbc3ysp/video/upload/v1629984377/Elearning/sty5pph8ltwbg1spnd3y_qfc9xp.mp4','<p>Official Lesson</p>'),('5d9ece2f-e1e0-431a-bfad-ed525cccfc6e','Bài 7 - Combine Reducers','0d01411b-e050-408d-b745-1947d7b019ad',_binary '\0',_binary '\0',NULL,'2021-08-06 17:35:17.578','2021-08-06 17:35:17.578','https://res.cloudinary.com/dawbc3ysp/video/upload/v1628246116/Elearning/dxy1iu12tliehjck97pi.mp4','<p>Bài giảng chính thức của khóa học</p>'),('5db81d32-3b52-43fe-9f4b-b9bcb2838771','8. Components','200ac9d7-ac0e-48d4-a0f8-8f7ecdfe7104',_binary '\0',_binary '\0',NULL,'2021-08-06 18:40:33.665','2021-08-06 18:40:33.665','https://res.cloudinary.com/dawbc3ysp/video/upload/v1628250032/Elearning/dxy1iu12tliehjck97pi_wvt6dd.mp4','<p>React - The Complete Guide</p>'),('60ba0898-1861-431b-a2cd-848468c16c2e','Lesson 5: Old problems','037d5a6b-70f6-4b22-aedd-28c82f6f8a3d',_binary '\0',_binary '\0',NULL,'2021-08-26 20:30:35.011','2021-08-26 20:30:35.011','https://res.cloudinary.com/dawbc3ysp/video/upload/v1629984634/Elearning/ihsnoi4cg8ohs7mcnczg_et4zgu.mp4','<p>Official Lesson</p>'),('63e64d87-7dd6-462e-8245-80b99935554d','1: Introduce','11b139e3-23a5-42cb-8618-d4296502fc7f',_binary '\0',_binary '\0',NULL,'2021-08-06 19:31:21.850','2021-08-06 19:31:21.850','https://res.cloudinary.com/dawbc3ysp/video/upload/v1628253081/Elearning/tariljv3esjommxhcqum_bbjzfj.mp4','<p>HTML, CSS & JavaScript</p>'),('6713f731-4bd6-4a7e-9dd3-77ae3a5fe4dc','3. Giải quyết vấn đề','83ddc5b1-e549-4e3c-b627-7dc3a7ad8d34',_binary '\0',_binary '\0',NULL,'2021-08-06 19:05:51.058','2021-08-06 19:05:51.058','https://res.cloudinary.com/dawbc3ysp/video/upload/v1628251549/Elearning/evesayzzo46h4pvfyuoj_afaapt.mp4','<p>The Modern React Bootcamp</p>'),('6b93a0a9-9ecf-4b82-95da-a3474d5a7252','L5. Reducer','373364dd-92c1-4773-a295-908330050074',_binary '\0',_binary '\0',NULL,'2021-08-06 18:55:47.384','2021-08-06 18:55:47.384','https://res.cloudinary.com/dawbc3ysp/video/upload/v1628250945/Elearning/ihsnoi4cg8ohs7mcnczg_icslpn.mp4','<p>Advanced React and Redux</p>'),('6db85cfa-d1d9-4694-b74a-7d5b5dc0dbb4','Lesson 5: Numbers - Less-than and Greater-than','1616c1da-b82f-4b32-8ba3-b30568491ac4',_binary '\0',_binary '\0',NULL,'2021-08-26 20:35:30.464','2021-08-26 20:35:30.464','https://res.cloudinary.com/dawbc3ysp/video/upload/v1629984929/Elearning/ihsnoi4cg8ohs7mcnczg_ysoeuu.mp4','<p>Official Lesson</p>'),('6e198450-d165-4862-b8a9-b0022c78220a','Bài 5 - Redux Store','0d01411b-e050-408d-b745-1947d7b019ad',_binary '\0',_binary '\0',NULL,'2021-08-06 17:33:03.859','2021-08-06 17:33:03.859','https://res.cloudinary.com/dawbc3ysp/video/upload/v1628245982/Elearning/okohizljxgpwui4ygpyn.mp4','<p>Bài giảng chính thức của khóa học</p>'),('6f5d1a95-c857-4773-85d4-725742913b9e','3: How Javascript is Execute','228dae17-2529-455a-95c0-eaa204820de8',_binary '\0',_binary '\0',NULL,'2021-08-06 19:35:19.140','2021-08-06 19:35:19.140','https://res.cloudinary.com/dawbc3ysp/video/upload/v1628253313/Elearning/evesayzzo46h4pvfyuoj_l2wkhl.mp4','<p>JavaScript (Beginner + Advanced)</p>'),('70407ad6-a9c2-4ed1-96f1-cd017b4844d4','2: DOM and Local Storage','88c8b37d-d4e7-4209-9d0c-1f4cd61f3a91',_binary '\0',_binary '\0',NULL,'2021-08-06 19:56:16.821','2021-08-06 19:56:16.821','https://res.cloudinary.com/dawbc3ysp/video/upload/v1628254575/Elearning/r6ovnxbqqpdzcbjthbwf_kjxlrw.mp4','<p>Vanilla JavaScript</p>'),('704b76b6-4bf2-4fda-b7f0-1e88c7f56784','Lesson 3: OOP vs FP','7167ba30-4595-450b-b0b9-13dd92bdac18',_binary '\0',_binary '\0',NULL,'2021-08-06 19:53:32.558','2021-08-06 19:53:32.558','https://res.cloudinary.com/dawbc3ysp/video/upload/v1628254411/Elearning/evesayzzo46h4pvfyuoj_stfvdq.mp4','<p>JavaScript: The Advanced Concepts</p>'),('7158021c-b4ce-4fa6-92ef-a6001557f0be','1: Introduce','fc494b77-d57b-4b72-8420-f2e801b7597b',_binary '\0',_binary '\0',NULL,'2021-08-06 19:23:12.876','2021-08-06 19:23:12.876','https://res.cloudinary.com/dawbc3ysp/video/upload/v1628252592/Elearning/tariljv3esjommxhcqum_ul0n9h.mp4','<p>Complete React Developer in 2021</p>'),('72e2fab7-20e1-4368-b6da-e25260703046','4: Functions','cebf84f1-e0ab-4bfe-a77e-4d2b8442fdeb',_binary '\0',_binary '\0',NULL,'2021-08-06 20:00:43.530','2021-08-06 20:00:43.530','https://res.cloudinary.com/dawbc3ysp/video/upload/v1628254842/Elearning/sty5pph8ltwbg1spnd3y_jrhmby.mp4','<p>The Modern Javascript Bootcamp Course</p>'),('764177b3-9179-4ead-a14f-e38ff5c8beaf','Lesson 1: Fundamentals of Data Science','037d5a6b-70f6-4b22-aedd-28c82f6f8a3d',_binary '\0',_binary '\0',NULL,'2021-08-26 20:30:18.195','2021-08-26 20:30:18.195','https://res.cloudinary.com/dawbc3ysp/video/upload/v1629984617/Elearning/tariljv3esjommxhcqum_slcgsf.mp4','<p>Official Lesson</p>'),('77f7a6fd-ba28-4aad-9b98-321c56993da2','3. Why React Instead of Just Javascript','200ac9d7-ac0e-48d4-a0f8-8f7ecdfe7104',_binary '\0',_binary '\0',NULL,'2021-08-06 18:39:55.614','2021-08-06 18:39:55.614','https://res.cloudinary.com/dawbc3ysp/video/upload/v1628249994/Elearning/evesayzzo46h4pvfyuoj_cmax7c.mp4','<p>React - The Complete Guide</p>'),('78238f7f-b43a-4165-9604-6447fd0dd8e6','4: Clientside','fc494b77-d57b-4b72-8420-f2e801b7597b',_binary '\0',_binary '\0',NULL,'2021-08-06 19:23:24.434','2021-08-06 19:23:24.435','https://res.cloudinary.com/dawbc3ysp/video/upload/v1628252603/Elearning/sty5pph8ltwbg1spnd3y_otqfdt.mp4','<p>Complete React Developer in 2021</p>'),('7988b364-5646-4a67-91f8-0615eb19be36','Lesson 1: Introduce','c5bbbbbe-e005-4f58-8cea-c3bf88fb799d',_binary '\0',_binary '\0',NULL,'2021-08-06 19:16:57.199','2021-08-06 19:16:57.199','https://res.cloudinary.com/dawbc3ysp/video/upload/v1628252216/Elearning/tariljv3esjommxhcqum_yx2ig6.mp4','<p>GraphQL with React</p>'),('7a411735-3eea-4025-92ed-88841dbaf160','3: Middlewares','fc494b77-d57b-4b72-8420-f2e801b7597b',_binary '\0',_binary '\0',NULL,'2021-08-06 19:23:21.086','2021-08-06 19:23:21.086','https://res.cloudinary.com/dawbc3ysp/video/upload/v1628252600/Elearning/evesayzzo46h4pvfyuoj_zkfdld.mp4','<p>Complete React Developer in 2021</p>'),('7aa30f48-e1e3-42f8-beaf-cb3b4a3d7d3c','4: JavaScript Arrays','285319fa-4f42-4218-838c-4c3228137ace',_binary '\0',_binary '\0',NULL,'2021-08-06 19:40:35.673','2021-08-06 19:40:35.673','https://res.cloudinary.com/dawbc3ysp/video/upload/v1628253634/Elearning/sty5pph8ltwbg1spnd3y_zpqfj8.mp4','<p>JavaScript BOOTCAMP</p>'),('7ca2f189-7bd6-47bf-bfd0-6f06f9de8c7e','Lesson 2: A Restful routing primer','c5bbbbbe-e005-4f58-8cea-c3bf88fb799d',_binary '\0',_binary '\0',NULL,'2021-08-06 19:17:03.795','2021-08-06 19:17:03.795','https://res.cloudinary.com/dawbc3ysp/video/upload/v1628252221/Elearning/r6ovnxbqqpdzcbjthbwf_crhtjt.mp4','<p>GraphQL with React</p>'),('7e052ffc-20f1-471d-b546-88e8c9104dd2','Lesson 4: Clientside','d8415ccc-d053-45db-8fe9-b39fafaae48b',_binary '\0',_binary '\0',NULL,'2021-08-06 19:19:57.554','2021-08-06 19:19:57.554','https://res.cloudinary.com/dawbc3ysp/video/upload/v1628252396/Elearning/sty5pph8ltwbg1spnd3y_sggkar.mp4','<p>Node with React</p>'),('7e7db711-07e5-46db-bbf9-53d6bd4cf354','4. Build SPA','200ac9d7-ac0e-48d4-a0f8-8f7ecdfe7104',_binary '\0',_binary '\0',NULL,'2021-08-06 18:40:00.042','2021-08-06 18:40:00.042','https://res.cloudinary.com/dawbc3ysp/video/upload/v1628249999/Elearning/sty5pph8ltwbg1spnd3y_ieuvs4.mp4','<p>React - The Complete Guide</p>'),('7f057fbc-56be-4b1a-9f5f-cef4b89b2d69','Lesson 5: Odds and Ends','6c1faf61-09bf-4112-bc3b-bb078bce848d',_binary '\0',_binary '\0',NULL,'2021-08-06 19:47:41.488','2021-08-06 19:47:41.488','https://res.cloudinary.com/dawbc3ysp/video/upload/v1628254060/Elearning/ihsnoi4cg8ohs7mcnczg_jjj9xv.mp4','<p>JavaScript: Understanding the Weird Parts</p>'),('813942b7-53c5-485e-adf8-1ced0ef5c163','Bài 8 - React and Redux','0d01411b-e050-408d-b745-1947d7b019ad',_binary '\0',_binary '\0',NULL,'2021-08-06 17:36:53.763','2021-08-06 17:36:53.763','https://res.cloudinary.com/dawbc3ysp/video/upload/v1628246212/Elearning/qnz13g9m9qid06uki7w0.mp4','<p>Bài giảng chính thức của khóa học</p>'),('85949ad4-1095-444e-85be-1f1b7b3bf2d8','3. Store và Reducer','aa53cbaf-9feb-43eb-aef8-5edeecf1e8f2',_binary '\0',_binary '\0',NULL,'2021-08-06 19:11:55.912','2021-08-06 19:11:55.912','https://res.cloudinary.com/dawbc3ysp/video/upload/v1628251914/Elearning/evesayzzo46h4pvfyuoj_wwlhsn.mp4','<p>Modern React with Redux</p>'),('8901fa6a-a731-45b7-b360-365817c62662','Lesson 1: Introduce','d8415ccc-d053-45db-8fe9-b39fafaae48b',_binary '\0',_binary '\0',NULL,'2021-08-06 19:19:44.780','2021-08-06 19:19:44.780','https://res.cloudinary.com/dawbc3ysp/video/upload/v1628252384/Elearning/tariljv3esjommxhcqum_oggfaq.mp4','<p>Node with React</p>'),('91dee49f-05df-4d44-92e8-7f2ce784946d','1. Welcome to Course','200ac9d7-ac0e-48d4-a0f8-8f7ecdfe7104',_binary '\0',_binary '\0',NULL,'2021-08-06 18:39:42.139','2021-08-06 18:39:42.139','https://res.cloudinary.com/dawbc3ysp/video/upload/v1628249981/Elearning/tariljv3esjommxhcqum_xaon7j.mp4','<p>React - The Complete Guide</p>'),('94138e52-b011-4d10-a288-52db3b054373','Lesson 1: Getting Started','6c1faf61-09bf-4112-bc3b-bb078bce848d',_binary '\0',_binary '\0',NULL,'2021-08-06 19:47:25.910','2021-08-06 19:47:25.910','https://res.cloudinary.com/dawbc3ysp/video/upload/v1628254045/Elearning/tariljv3esjommxhcqum_rp3svy.mp4','<p>JavaScript: Understanding the Weird Parts</p>'),('9623d6df-97b2-40af-8918-49230031d3e7','Lesson 1: Before we Getting Started','705669fe-297f-43d9-b3a9-0055a3cd5f8e',_binary '\0',_binary '\0',NULL,'2021-08-06 19:49:47.443','2021-08-06 19:49:47.443','https://res.cloudinary.com/dawbc3ysp/video/upload/v1628254187/Elearning/tariljv3esjommxhcqum_vvs5kq.mp4','<p>ES6 Javascript: The Complete Developer\'s Guide</p>'),('9758ef20-e98c-4f47-88cb-f3946a16a0ee','1. Lời nói đầu','aa53cbaf-9feb-43eb-aef8-5edeecf1e8f2',_binary '\0',_binary '\0',NULL,'2021-08-06 19:11:46.337','2021-08-06 19:11:46.337','https://res.cloudinary.com/dawbc3ysp/video/upload/v1628251905/Elearning/tariljv3esjommxhcqum_qh40i8.mp4','<p>Modern React with Redux</p>'),('a1f5175f-24f4-4326-8e00-f5ad309d6740','Lesson 1: Introduction to Clinical Data Science','01023f66-81ec-4eb7-89ba-57e6af7ee899',_binary '\0',_binary '\0',NULL,'2021-08-26 20:27:47.056','2021-08-26 20:27:47.056','https://res.cloudinary.com/dawbc3ysp/video/upload/v1629984466/Elearning/tariljv3esjommxhcqum_pjrmw3.mp4','<p>Official Lesson</p>'),('a31b3020-2214-4f6c-85b4-b2ad5f0a837c','2: JavaScript Function!','285319fa-4f42-4218-838c-4c3228137ace',_binary '\0',_binary '\0',NULL,'2021-08-06 19:40:27.264','2021-08-06 19:40:27.264','https://res.cloudinary.com/dawbc3ysp/video/upload/v1628253626/Elearning/r6ovnxbqqpdzcbjthbwf_ochqb7.mp4','<p>JavaScript BOOTCAMP</p>'),('a4dc10ee-fab8-46f0-801e-b45ace983d2c','3: API Projects','b3c2d0d2-210a-4fda-b1de-b937932003a5',_binary '\0',_binary '\0',NULL,'2021-08-06 19:58:11.020','2021-08-06 19:58:11.020','https://res.cloudinary.com/dawbc3ysp/video/upload/v1628254690/Elearning/evesayzzo46h4pvfyuoj_orwhfh.mp4','<p>Modern JavaScript From The Beginning</p>'),('a52b2fec-bfe6-44d7-a54e-8c54d57d19c3','Lesson 5: Emerging Data Types','0b96c7e8-e793-48ee-b4f5-e894a69ad49e',_binary '\0',_binary '\0',NULL,'2021-08-26 20:32:07.327','2021-08-26 20:32:07.327','https://res.cloudinary.com/dawbc3ysp/video/upload/v1629984726/Elearning/ihsnoi4cg8ohs7mcnczg_qhcpcn.mp4','<p>Official Lesson</p>'),('a69351ab-c9b0-449b-9af4-01794e4e5a3c','4. Tổng kết','83ddc5b1-e549-4e3c-b627-7dc3a7ad8d34',_binary '\0',_binary '\0',NULL,'2021-08-06 19:05:56.386','2021-08-06 19:05:56.386','https://res.cloudinary.com/dawbc3ysp/video/upload/v1628251555/Elearning/sty5pph8ltwbg1spnd3y_uy9skj.mp4','<p>The Modern React Bootcamp</p>'),('a86a48ce-d2f2-4d2b-9067-e80b361dab71','Lesson 3: Sets - Venn Diagrams','1616c1da-b82f-4b32-8ba3-b30568491ac4',_binary '\0',_binary '\0',NULL,'2021-08-26 20:35:22.530','2021-08-26 20:35:22.530','https://res.cloudinary.com/dawbc3ysp/video/upload/v1629984921/Elearning/evesayzzo46h4pvfyuoj_c86q7w.mp4','<p>Official Lesson</p>'),('a9ebd72c-b091-4b2c-b203-138484f68a50','Lesson 4: Building Objects','6c1faf61-09bf-4112-bc3b-bb078bce848d',_binary '\0',_binary '\0',NULL,'2021-08-06 19:47:36.935','2021-08-06 19:47:36.935','https://res.cloudinary.com/dawbc3ysp/video/upload/v1628254056/Elearning/sty5pph8ltwbg1spnd3y_xv3njj.mp4','<p>JavaScript: Understanding the Weird Parts</p>'),('aa32c361-a682-4308-8078-029b88ec5ff4','7. React State','200ac9d7-ac0e-48d4-a0f8-8f7ecdfe7104',_binary '\0',_binary '\0',NULL,'2021-08-06 18:40:28.821','2021-08-06 18:40:28.821','https://res.cloudinary.com/dawbc3ysp/video/upload/v1628250017/Elearning/gwy0z3izup6ywr3s221s_bv4iz5.mp4','<p>React - The Complete Guide</p>'),('aed0fbc4-75a3-4959-bc63-2bb7ea5a6e45','Lesson 3: Objects and Functions','6c1faf61-09bf-4112-bc3b-bb078bce848d',_binary '\0',_binary '\0',NULL,'2021-08-06 19:47:33.413','2021-08-06 19:47:33.413','https://res.cloudinary.com/dawbc3ysp/video/upload/v1628254052/Elearning/evesayzzo46h4pvfyuoj_es76gi.mp4','<p>JavaScript: Understanding the Weird Parts</p>'),('afca086e-a486-4dab-bee4-d6ff75832454','Lesson 1: Welcome to Module ','03abe971-62ae-4e8e-89e2-6a91ea8144c4',_binary '\0',_binary '\0',NULL,'2021-08-26 20:26:05.556','2021-08-26 20:26:05.556','https://res.cloudinary.com/dawbc3ysp/video/upload/v1629984365/Elearning/tariljv3esjommxhcqum_nmrys6.mp4','<p>Official Lesson</p>'),('b01d80d2-9ad0-41d1-b512-be1af8778114','4: Wrap Up','b3c2d0d2-210a-4fda-b1de-b937932003a5',_binary '\0',_binary '\0',NULL,'2021-08-06 19:58:15.062','2021-08-06 19:58:15.062','https://res.cloudinary.com/dawbc3ysp/video/upload/v1628254694/Elearning/sty5pph8ltwbg1spnd3y_oc33va.mp4','<p>Modern JavaScript From The Beginning</p>'),('b09f156f-4103-40a7-8772-96ee59ae8c72','Lesson 2: What\'s Big Data? How Does It Relate to Data Science?','178c67e9-08ef-40f9-a654-46525ad6f917',_binary '\0',_binary '\0',NULL,'2021-08-26 20:37:12.545','2021-08-26 20:37:12.545','https://res.cloudinary.com/dawbc3ysp/video/upload/v1629985031/Elearning/r6ovnxbqqpdzcbjthbwf_qs9beq.mp4','<p>Official Lesson</p>'),('b2ee6677-39c2-4996-b6ba-1b6263208454','10. Rendering','200ac9d7-ac0e-48d4-a0f8-8f7ecdfe7104',_binary '\0',_binary '\0',NULL,'2021-08-06 18:40:50.185','2021-08-06 18:40:50.185','https://res.cloudinary.com/dawbc3ysp/video/upload/v1628250049/Elearning/s4ccgetrpt03madvdjad_qzsxsw.mp4','<p>React - The Complete Guide</p>'),('b3ac640c-d2dc-43e7-800d-43b3efc2855a','Lesson 2: Functional Programming','7167ba30-4595-450b-b0b9-13dd92bdac18',_binary '\0',_binary '\0',NULL,'2021-08-06 19:53:28.908','2021-08-06 19:53:28.908','https://res.cloudinary.com/dawbc3ysp/video/upload/v1628254406/Elearning/r6ovnxbqqpdzcbjthbwf_muhnin.mp4','<p>JavaScript: The Advanced Concepts</p>'),('b472b3f8-769b-4b1f-9555-05cb6b4275f5','2: JavaScript in Action!','228dae17-2529-455a-95c0-eaa204820de8',_binary '\0',_binary '\0',NULL,'2021-08-06 19:35:10.499','2021-08-06 19:35:10.499','https://res.cloudinary.com/dawbc3ysp/video/upload/v1628253309/Elearning/r6ovnxbqqpdzcbjthbwf_rwyd5y.mp4','<p>JavaScript (Beginner + Advanced)</p>'),('b5939670-e7c5-4f6d-8d1d-fe95d084acbb','2: Serverside','fc494b77-d57b-4b72-8420-f2e801b7597b',_binary '\0',_binary '\0',NULL,'2021-08-06 19:23:17.546','2021-08-06 19:23:17.546','https://res.cloudinary.com/dawbc3ysp/video/upload/v1628252596/Elearning/r6ovnxbqqpdzcbjthbwf_czy2gy.mp4','<p>Complete React Developer in 2021</p>'),('b5f9ba9c-beec-4fec-8156-eef606a2ed71','Lesson 4: Machine Learning','178c67e9-08ef-40f9-a654-46525ad6f917',_binary '\0',_binary '\0',NULL,'2021-08-26 20:37:20.145','2021-08-26 20:37:20.145','https://res.cloudinary.com/dawbc3ysp/video/upload/v1629985039/Elearning/sty5pph8ltwbg1spnd3y_feeifs.mp4','<p>Official Lesson</p>'),('b74302cb-f4b6-43c3-a242-d956e3535b74','4: FETCH & JSON','88c8b37d-d4e7-4209-9d0c-1f4cd61f3a91',_binary '\0',_binary '\0',NULL,'2021-08-06 19:56:24.560','2021-08-06 19:56:24.560','https://res.cloudinary.com/dawbc3ysp/video/upload/v1628254583/Elearning/sty5pph8ltwbg1spnd3y_bo7sja.mp4','<p>Vanilla JavaScript</p>'),('b82cfa31-fce3-414e-8172-84e9e0c3566e','Lesson 3: JavaScript Objects','28721c7e-b86e-40fc-bf9a-bb3927e7e7e9',_binary '\0',_binary '\0',NULL,'2021-08-06 19:43:03.948','2021-08-06 19:43:03.948','https://res.cloudinary.com/dawbc3ysp/video/upload/v1628253783/Elearning/evesayzzo46h4pvfyuoj_ahdkie.mp4','<p>JavaScript Course 2021: From Zero to Expert!</p>'),('ba09aaa2-f04d-4a20-be11-e1cd3b91ed78','Lesson 5: Data Understanding','0dbe88bd-d1f5-4cd2-bf3b-bc8105be9783',_binary '\0',_binary '\0',NULL,'2021-08-26 20:33:58.048','2021-08-26 20:33:58.048','https://res.cloudinary.com/dawbc3ysp/video/upload/v1629984836/Elearning/ihsnoi4cg8ohs7mcnczg_fl0xfd.mp4','<p>Official Lesson</p>'),('baf699b8-41f5-4da0-aecd-18c70a8233a1','Lesson 3: Advice for New Data Scientists','037d5a6b-70f6-4b22-aedd-28c82f6f8a3d',_binary '\0',_binary '\0',NULL,'2021-08-26 20:30:26.528','2021-08-26 20:30:26.528','https://res.cloudinary.com/dawbc3ysp/video/upload/v1629984625/Elearning/evesayzzo46h4pvfyuoj_lfj3op.mp4','<p>Official Lesson</p>'),('bddeb72c-3129-48ba-8598-fbe5099e523d','3: JavaScript Objects','285319fa-4f42-4218-838c-4c3228137ace',_binary '\0',_binary '\0',NULL,'2021-08-06 19:40:31.751','2021-08-06 19:40:31.751','https://res.cloudinary.com/dawbc3ysp/video/upload/v1628253630/Elearning/evesayzzo46h4pvfyuoj_hkdylo.mp4','<p>JavaScript BOOTCAMP</p>'),('c0a7a999-4fa6-4ecb-ad2c-bf98a98ac150','Lesson 1: Type in JS','7167ba30-4595-450b-b0b9-13dd92bdac18',_binary '\0',_binary '\0',NULL,'2021-08-06 19:53:22.741','2021-08-06 19:53:22.741','https://res.cloudinary.com/dawbc3ysp/video/upload/v1628254402/Elearning/tariljv3esjommxhcqum_pqwalf.mp4','<p>JavaScript: The Advanced Concepts</p>'),('c14db2b0-b44a-4723-a1e0-3f5eca6480da','2. Giới thiệu các mini project','83ddc5b1-e549-4e3c-b627-7dc3a7ad8d34',_binary '\0',_binary '\0',NULL,'2021-08-06 19:05:45.838','2021-08-06 19:05:45.838','https://res.cloudinary.com/dawbc3ysp/video/upload/v1628251543/Elearning/r6ovnxbqqpdzcbjthbwf_rfh3bs.mp4','<p>The Modern React Bootcamp</p>'),('c2430987-3432-425c-8255-d3c55e2b67b5','Lesson 4: Clientside GraphQL','c5bbbbbe-e005-4f58-8cea-c3bf88fb799d',_binary '\0',_binary '\0',NULL,'2021-08-06 19:17:11.964','2021-08-06 19:17:11.964','https://res.cloudinary.com/dawbc3ysp/video/upload/v1628252231/Elearning/sty5pph8ltwbg1spnd3y_uldyrs.mp4','<p>GraphQL with React</p>'),('c8eacfc9-c296-4d07-aac4-3e1392357b48','Lesson1: Welcome to Course','202d4b73-3d6f-48cc-bf17-4ff4c9b66520',_binary '\0',_binary '\0',NULL,'2021-08-06 18:51:31.743','2021-08-06 18:51:31.743','https://res.cloudinary.com/dawbc3ysp/video/upload/v1628250691/Elearning/tariljv3esjommxhcqum_hsz8fr.mp4','<p>React.js from scratch! Learn Reactjs, Hooks, Redux, React Routing, Animations, Next.js and way more!</p>'),('c9d87437-91a8-4d4a-ad11-d443d8d9d515','Lesson 1: Sets - Basics and Vocabulary','1616c1da-b82f-4b32-8ba3-b30568491ac4',_binary '\0',_binary '\0',NULL,'2021-08-26 20:35:14.714','2021-08-26 20:35:14.714','https://res.cloudinary.com/dawbc3ysp/video/upload/v1629984914/Elearning/tariljv3esjommxhcqum_phnp7n.mp4','<p>Official Lesson</p>'),('c9f7de2c-2a36-4fc4-9c93-7ab17a96b693','Lesson 2: Types and Operators','6c1faf61-09bf-4112-bc3b-bb078bce848d',_binary '\0',_binary '\0',NULL,'2021-08-06 19:47:29.718','2021-08-06 19:47:29.718','https://res.cloudinary.com/dawbc3ysp/video/upload/v1628254048/Elearning/r6ovnxbqqpdzcbjthbwf_vv9osj.mp4','<p>JavaScript: Understanding the Weird Parts</p>'),('ca0b68f2-cc93-4e95-a1d2-37a4fa1429ac','Giới thiệu khóa học','0d01411b-e050-408d-b745-1947d7b019ad',_binary '\0',_binary '\0',NULL,'2021-08-06 17:29:00.454','2021-08-06 17:29:00.454','https://res.cloudinary.com/dawbc3ysp/video/upload/v1628245739/Elearning/tariljv3esjommxhcqum.mp4','<p>Bài giảng giới thiệu khóa học&nbsp;</p>'),('cb1e6d2d-06b2-4e3c-b582-51e38383c1bc','1: Introduction','cebf84f1-e0ab-4bfe-a77e-4d2b8442fdeb',_binary '\0',_binary '\0',NULL,'2021-08-06 20:00:30.465','2021-08-06 20:00:30.465','https://res.cloudinary.com/dawbc3ysp/video/upload/v1628254825/Elearning/tariljv3esjommxhcqum_urdymc.mp4','<p>The Modern Javascript Bootcamp Course</p>'),('ce509e7d-af34-4cd9-a42e-08e027d29e17','Lesson2: Building an easy App','202d4b73-3d6f-48cc-bf17-4ff4c9b66520',_binary '\0',_binary '\0',NULL,'2021-08-06 18:51:36.044','2021-08-06 18:51:36.044','https://res.cloudinary.com/dawbc3ysp/video/upload/v1628250695/Elearning/r6ovnxbqqpdzcbjthbwf_jnzfn9.mp4','<p>React.js from scratch! Learn Reactjs, Hooks, Redux, React Routing, Animations, Next.js and way more!</p>'),('cf1e2df0-643c-4be9-af58-b5fa89e7efcb','4: Clientside','11b139e3-23a5-42cb-8618-d4296502fc7f',_binary '\0',_binary '\0',NULL,'2021-08-06 19:31:39.659','2021-08-06 19:31:39.659','https://res.cloudinary.com/dawbc3ysp/video/upload/v1628253098/Elearning/sty5pph8ltwbg1spnd3y_qittur.mp4','<p>HTML, CSS & JavaScript</p>'),('d0905de4-3f43-4585-9c3c-e46071198261','Lesson 4: JavaScript Library','28721c7e-b86e-40fc-bf9a-bb3927e7e7e9',_binary '\0',_binary '\0',NULL,'2021-08-06 19:43:08.206','2021-08-06 19:43:08.206','https://res.cloudinary.com/dawbc3ysp/video/upload/v1628253787/Elearning/sty5pph8ltwbg1spnd3y_gck2s6.mp4','<p>JavaScript Course 2021: From Zero to Expert!</p>'),('d137263c-d0a9-4b6d-8edc-411251d188d0','Lesson 3: Big Data Characteristics and Applications','03abe971-62ae-4e8e-89e2-6a91ea8144c4',_binary '\0',_binary '\0',NULL,'2021-08-26 20:26:14.124','2021-08-26 20:26:14.124','https://res.cloudinary.com/dawbc3ysp/video/upload/v1629984373/Elearning/evesayzzo46h4pvfyuoj_qziwkk.mp4','<p>Official Lesson</p>'),('d4637911-3a56-40b5-8e06-196c948e8e35','5. Exploring React JS','200ac9d7-ac0e-48d4-a0f8-8f7ecdfe7104',_binary '\0',_binary '\0',NULL,'2021-08-06 18:40:05.413','2021-08-06 18:40:05.413','https://res.cloudinary.com/dawbc3ysp/video/upload/v1628250003/Elearning/ihsnoi4cg8ohs7mcnczg_de1zxi.mp4','<p>React - The Complete Guide</p>'),('d47611d0-016a-4435-995a-070d743440d4','Lesson 3: On to GraphQL','c5bbbbbe-e005-4f58-8cea-c3bf88fb799d',_binary '\0',_binary '\0',NULL,'2021-08-06 19:17:08.433','2021-08-06 19:17:08.433','https://res.cloudinary.com/dawbc3ysp/video/upload/v1628252227/Elearning/evesayzzo46h4pvfyuoj_n6kdpv.mp4','<p>GraphQL with React</p>'),('da2e35f8-ff7d-4feb-99f7-dee096a8a135','Lesson 3: Success Story: Data Science at Netflix','178c67e9-08ef-40f9-a654-46525ad6f917',_binary '\0',_binary '\0',NULL,'2021-08-26 20:37:16.273','2021-08-26 20:37:16.273','https://res.cloudinary.com/dawbc3ysp/video/upload/v1629985035/Elearning/evesayzzo46h4pvfyuoj_vwj6gr.mp4','<p>Official Lesson</p>'),('dbd7e6ec-1bb0-4412-a0a2-efc8789acead','Lesson 4: Numbers - The Real Number Line','1616c1da-b82f-4b32-8ba3-b30568491ac4',_binary '\0',_binary '\0',NULL,'2021-08-26 20:35:26.109','2021-08-26 20:35:26.109','https://res.cloudinary.com/dawbc3ysp/video/upload/v1629984925/Elearning/sty5pph8ltwbg1spnd3y_mxtvn3.mp4','<p>Official Lesson</p>'),('dd065ef5-acb8-4d61-b741-24f1434ee49c','Lesson 2: The Many Paths to Data Science','037d5a6b-70f6-4b22-aedd-28c82f6f8a3d',_binary '\0',_binary '\0',NULL,'2021-08-26 20:30:22.462','2021-08-26 20:30:22.462','https://res.cloudinary.com/dawbc3ysp/video/upload/v1629984621/Elearning/r6ovnxbqqpdzcbjthbwf_kb5mur.mp4','<p>Official Lesson</p>'),('e1d1c73d-4234-4f38-b256-5f87117143eb','2. React và Redux','aa53cbaf-9feb-43eb-aef8-5edeecf1e8f2',_binary '\0',_binary '\0',NULL,'2021-08-06 19:11:50.738','2021-08-06 19:11:50.739','https://res.cloudinary.com/dawbc3ysp/video/upload/v1628251909/Elearning/r6ovnxbqqpdzcbjthbwf_e3gq49.mp4','<p>Modern React with Redux</p>'),('e36bb951-34f9-4507-863d-dd6ae6c52859','Lesson 2: Analytic Approach','0dbe88bd-d1f5-4cd2-bf3b-bc8105be9783',_binary '\0',_binary '\0',NULL,'2021-08-26 20:33:45.592','2021-08-26 20:33:45.592','https://res.cloudinary.com/dawbc3ysp/video/upload/v1629984825/Elearning/r6ovnxbqqpdzcbjthbwf_w2ubri.mp4','<p>Official Lesson</p>'),('e3af864b-e79e-4518-9142-e585630f07a0','Lesson4: UI','202d4b73-3d6f-48cc-bf17-4ff4c9b66520',_binary '\0',_binary '\0',NULL,'2021-08-06 18:51:43.908','2021-08-06 18:51:43.908','https://res.cloudinary.com/dawbc3ysp/video/upload/v1628250703/Elearning/sty5pph8ltwbg1spnd3y_pvthz1.mp4','<p>React.js from scratch! Learn Reactjs, Hooks, Redux, React Routing, Animations, Next.js and way more!</p>'),('e6ac6518-a6a9-464c-a293-9c8403ee1638','Bài 1: Lời nói đầu','3ca5a3d3-926b-4cf5-b498-03f06798644a',_binary '\0',_binary '\0',NULL,'2021-08-06 19:02:29.618','2021-08-06 19:02:29.618','https://res.cloudinary.com/dawbc3ysp/video/upload/v1628251349/Elearning/tariljv3esjommxhcqum_nsmgel.mp4','<p>React Testing</p>'),('e7667abb-c672-454f-a99d-884727e60b7c','Lesson 2: Clinical Data Regulations','01023f66-81ec-4eb7-89ba-57e6af7ee899',_binary '\0',_binary '\0',NULL,'2021-08-26 20:27:52.170','2021-08-26 20:27:52.170','https://res.cloudinary.com/dawbc3ysp/video/upload/v1629984470/Elearning/r6ovnxbqqpdzcbjthbwf_ype5ql.mp4','<p>Official Lesson</p>'),('ebff0aec-127b-4d29-a535-2d89663d26d3','Lesson 4: Arrow Function','705669fe-297f-43d9-b3a9-0055a3cd5f8e',_binary '\0',_binary '\0',NULL,'2021-08-06 19:50:03.716','2021-08-06 19:50:03.716','https://res.cloudinary.com/dawbc3ysp/video/upload/v1628254199/Elearning/sty5pph8ltwbg1spnd3y_htqfsv.mp4','<p>ES6 Javascript: The Complete Developer\'s Guide</p>'),('ef4dc506-7798-4ad9-a9ae-149460871b9e','Bài 4 - Reducer','0d01411b-e050-408d-b745-1947d7b019ad',_binary '\0',_binary '\0',NULL,'2021-08-06 17:32:16.762','2021-08-06 17:32:16.762','https://res.cloudinary.com/dawbc3ysp/video/upload/v1628245935/Elearning/ihsnoi4cg8ohs7mcnczg.mp4','<p>Bài giảng chính thức của khóa học</p>'),('f00e7828-6245-4828-9829-03e1d65ef381','Lesson 1: Course OverView','28721c7e-b86e-40fc-bf9a-bb3927e7e7e9',_binary '\0',_binary '\0',NULL,'2021-08-06 19:42:55.036','2021-08-06 19:42:55.036','https://res.cloudinary.com/dawbc3ysp/video/upload/v1628253774/Elearning/tariljv3esjommxhcqum_mxukp0.mp4','<p>JavaScript Course 2021: From Zero to Expert!</p>'),('f2d8c0da-6148-4997-abee-d2b0a9bf92b1','Lesson 3: Dev and Prod','d8415ccc-d053-45db-8fe9-b39fafaae48b',_binary '\0',_binary '\0',NULL,'2021-08-06 19:19:53.817','2021-08-06 19:19:53.817','https://res.cloudinary.com/dawbc3ysp/video/upload/v1628252391/Elearning/evesayzzo46h4pvfyuoj_xyxztr.mp4','<p>Node with React</p>'),('f333afd8-1e81-43ae-8c86-7cd47809f31b','Lesson 3: Common Data Types II','0b96c7e8-e793-48ee-b4f5-e894a69ad49e',_binary '\0',_binary '\0',NULL,'2021-08-26 20:31:59.886','2021-08-26 20:31:59.886','https://res.cloudinary.com/dawbc3ysp/video/upload/v1629984719/Elearning/evesayzzo46h4pvfyuoj_jijwfg.mp4','<p>Official Lesson</p>'),('f39dd25d-a01a-42cc-9cc7-f80d7eefe1f3','Lesson 2: Common Data Types I','0b96c7e8-e793-48ee-b4f5-e894a69ad49e',_binary '\0',_binary '\0',NULL,'2021-08-26 20:31:56.174','2021-08-26 20:31:56.175','https://res.cloudinary.com/dawbc3ysp/video/upload/v1629984715/Elearning/r6ovnxbqqpdzcbjthbwf_br7jay.mp4','<p>Official Lesson</p>'),('f3e27377-aae8-47b0-b179-1f182468c305','2: DOM Projects','b3c2d0d2-210a-4fda-b1de-b937932003a5',_binary '\0',_binary '\0',NULL,'2021-08-06 19:58:07.498','2021-08-06 19:58:07.499','https://res.cloudinary.com/dawbc3ysp/video/upload/v1628254686/Elearning/r6ovnxbqqpdzcbjthbwf_pb60cy.mp4','<p>Modern JavaScript From The Beginning</p>'),('f60ea5b9-765a-483b-b862-eadc92feb547','Bài 2 - Manage State','0d01411b-e050-408d-b745-1947d7b019ad',_binary '\0',_binary '\0',NULL,'2021-08-06 17:31:14.170','2021-08-06 17:31:14.170','https://res.cloudinary.com/dawbc3ysp/video/upload/v1628245873/Elearning/evesayzzo46h4pvfyuoj.mp4','<p>Bài giảng chính thức của khóa học</p>'),('f6f76bac-e22f-4b18-a2f7-7c0786ac4d8a','3: HTML5 Video API','88c8b37d-d4e7-4209-9d0c-1f4cd61f3a91',_binary '\0',_binary '\0',NULL,'2021-08-06 19:56:20.853','2021-08-06 19:56:20.853','https://res.cloudinary.com/dawbc3ysp/video/upload/v1628254580/Elearning/evesayzzo46h4pvfyuoj_vp8qku.mp4','<p>Vanilla JavaScript</p>'),('f97630a2-ac99-4e5e-8ad2-2d73cf813c07','Lesson3: Control form and input','202d4b73-3d6f-48cc-bf17-4ff4c9b66520',_binary '\0',_binary '\0',NULL,'2021-08-06 18:51:40.013','2021-08-06 18:51:40.013','https://res.cloudinary.com/dawbc3ysp/video/upload/v1628250699/Elearning/evesayzzo46h4pvfyuoj_ahy928.mp4','<p>React.js from scratch! Learn Reactjs, Hooks, Redux, React Routing, Animations, Next.js and way more!</p>'),('fb7cdc34-ccc7-42c9-bbf8-b6147586ad07','Lesson 3: Data Requirements','0dbe88bd-d1f5-4cd2-bf3b-bc8105be9783',_binary '\0',_binary '\0',NULL,'2021-08-26 20:33:49.696','2021-08-26 20:33:49.696','https://res.cloudinary.com/dawbc3ysp/video/upload/v1629984829/Elearning/evesayzzo46h4pvfyuoj_bruck2.mp4','<p>Official Lesson</p>'),('ff87e68b-6bb4-4cc7-bb5a-8344015ef5ac','3: Database','11b139e3-23a5-42cb-8618-d4296502fc7f',_binary '\0',_binary '\0',NULL,'2021-08-06 19:31:34.290','2021-08-06 19:31:34.290','https://res.cloudinary.com/dawbc3ysp/video/upload/v1628253093/Elearning/evesayzzo46h4pvfyuoj_uoxv7i.mp4','<p>HTML, CSS & JavaScript</p>');
/*!40000 ALTER TABLE `lesson` ENABLE KEYS */;
UNLOCK TABLES;

--
-- Table structure for table `purchase`
--

DROP TABLE IF EXISTS `purchase`;
/*!40101 SET @saved_cs_client     = @@character_set_client */;
/*!50503 SET character_set_client = utf8mb4 */;
CREATE TABLE `purchase` (
  `id` varchar(100) NOT NULL,
  `course_id` varchar(100) NOT NULL,
  `user_id` varchar(200) NOT NULL,
  `fee` float NOT NULL,
  `isDeleted` bit(1) NOT NULL DEFAULT b'0',
  `logCreatedBy` varchar(100) DEFAULT NULL,
  `logCreatedDate` varchar(100) DEFAULT NULL,
  `logUpdatedDate` varchar(100) DEFAULT NULL,
  `logUpdatedBy` varchar(500) CHARACTER SET utf8 COLLATE utf8_general_ci DEFAULT NULL,
  PRIMARY KEY (`id`)
) ENGINE=InnoDB DEFAULT CHARSET=utf8mb4 COLLATE=utf8mb4_0900_ai_ci;
/*!40101 SET character_set_client = @saved_cs_client */;

--
-- Dumping data for table `purchase`
--

LOCK TABLES `purchase` WRITE;
/*!40000 ALTER TABLE `purchase` DISABLE KEYS */;
INSERT INTO `purchase` VALUES ('0047621e-29d4-44d3-9d6a-c8fc6c635113','03abe971-62ae-4e8e-89e2-6a91ea8144c4','a5101a3c-245d-421a-993f-f6523877d52c',40,_binary '\0',NULL,'2021-08-22 16:51:12.990','2021-08-22 16:51:12.990',NULL),('054a406f-8ef4-47ca-8dbb-bbe218694422','200ac9d7-ac0e-48d4-a0f8-8f7ecdfe7104','6afc696d-f9a1-4745-b946-228a2e52a568',40,_binary '\0',NULL,'2021-08-07 22:14:34.342','2021-08-07 22:14:34.342',NULL),('0fd29c52-0d24-4672-acfa-608081e5a247','0b96c7e8-e793-48ee-b4f5-e894a69ad49e','628d606e-7f15-4a42-a3c5-33d5ad23a07a',20,_binary '\0',NULL,'2021-08-22 16:52:47.947','2021-08-22 16:52:47.947',NULL),('1215a78b-939f-42cc-8ed4-26d5c91154d0','037d5a6b-70f6-4b22-aedd-28c82f6f8a3d','a5101a3c-245d-421a-993f-f6523877d52c',16.2,_binary '\0',NULL,'2021-08-22 16:51:06.576','2021-08-22 16:51:06.576',NULL),('121b29e1-aab8-4d31-b186-88f4706b0df7','0b96c7e8-e793-48ee-b4f5-e894a69ad49e','464ea335-f656-4045-afb7-a3673c65bf15',20,_binary '\0',NULL,'2021-08-22 16:51:59.007','2021-08-22 16:51:59.007',NULL),('187bc8bc-f8a0-4c00-a878-33f842e654c1','0b96c7e8-e793-48ee-b4f5-e894a69ad49e','a5101a3c-245d-421a-993f-f6523877d52c',20,_binary '\0',NULL,'2021-08-22 16:51:19.163','2021-08-22 16:51:19.163',NULL),('1c414a29-770c-4b4a-b775-e6e81a5116da','11b139e3-23a5-42cb-8618-d4296502fc7f','628d606e-7f15-4a42-a3c5-33d5ad23a07a',76.5,_binary '\0',NULL,'2021-08-22 16:53:10.504','2021-08-22 16:53:10.504',NULL),('1dfc4ab0-7ee2-4adc-8cfe-39e5b2e5c2d8','03abe971-62ae-4e8e-89e2-6a91ea8144c4','6afc696d-f9a1-4745-b946-228a2e52a568',40,_binary '\0',NULL,'2021-08-22 16:47:27.500','2021-08-22 16:47:27.500',NULL),('2c62661f-ff65-4da6-b911-fec2ce60652d','03abe971-62ae-4e8e-89e2-6a91ea8144c4','e99f5201-0c27-4c8e-922b-1a3da363d347',40,_binary '\0',NULL,'2021-08-21 22:25:01.102','2021-08-21 22:25:01.102',NULL),('2ea1cee9-212b-4dbc-9187-8a096f2c201a','01023f66-81ec-4eb7-89ba-57e6af7ee899','bf323da3-c98b-4093-874e-f907d7559b1e',31.5,_binary '\0',NULL,'2021-08-22 16:49:34.550','2021-08-22 16:49:34.550',NULL),('336aeb91-21b7-481e-8e13-62cf70e2f1d2','037d5a6b-70f6-4b22-aedd-28c82f6f8a3d','464ea335-f656-4045-afb7-a3673c65bf15',16.2,_binary '\0',NULL,'2021-08-22 16:51:49.002','2021-08-22 16:51:49.002',NULL),('4b55db19-56ed-4340-8f1f-8bf4adc12a26','0d01411b-e050-408d-b745-1947d7b019ad','628d606e-7f15-4a42-a3c5-33d5ad23a07a',12.6,_binary '\0',NULL,'2021-08-22 16:52:56.687','2021-08-22 16:52:56.687',NULL),('53d7b1af-a923-433f-a953-5a63dc0728f2','0dbe88bd-d1f5-4cd2-bf3b-bc8105be9783','628d606e-7f15-4a42-a3c5-33d5ad23a07a',16.25,_binary '\0',NULL,'2021-08-22 16:53:04.555','2021-08-22 16:53:04.555',NULL),('5494a407-8333-4a0f-94f7-602bd8baa852','03abe971-62ae-4e8e-89e2-6a91ea8144c4','464ea335-f656-4045-afb7-a3673c65bf15',40,_binary '\0',NULL,'2021-08-22 16:51:53.864','2021-08-22 16:51:53.864',NULL),('56339fd6-11d7-4ad0-9956-6e2d946bd557','01023f66-81ec-4eb7-89ba-57e6af7ee899','464ea335-f656-4045-afb7-a3673c65bf15',31.5,_binary '\0',NULL,'2021-08-22 16:51:43.906','2021-08-22 16:51:43.906',NULL),('594fba34-59a2-4961-8e17-72c72ab24785','01023f66-81ec-4eb7-89ba-57e6af7ee899','628d606e-7f15-4a42-a3c5-33d5ad23a07a',31.5,_binary '\0',NULL,'2021-08-22 16:52:32.608','2021-08-22 16:52:32.608',NULL),('5e0e6da6-6263-45b2-bab5-95edd2af0dc2','03abe971-62ae-4e8e-89e2-6a91ea8144c4','bf323da3-c98b-4093-874e-f907d7559b1e',40,_binary '\0',NULL,'2021-08-22 16:49:51.390','2021-08-22 16:49:51.390',NULL),('61170dfd-717d-47cd-bc85-2c7005ce69d1','0b96c7e8-e793-48ee-b4f5-e894a69ad49e','bf323da3-c98b-4093-874e-f907d7559b1e',20,_binary '\0',NULL,'2021-08-22 16:49:57.900','2021-08-22 16:49:57.900',NULL),('621b197e-5c90-417f-af73-2a6e2862c66d','0dbe88bd-d1f5-4cd2-bf3b-bc8105be9783','6afc696d-f9a1-4745-b946-228a2e52a568',16.25,_binary '\0',NULL,'2021-08-22 16:47:45.444','2021-08-22 16:47:45.444',NULL),('7a24cef0-e658-4d0f-9fc3-5fc200a4c51e','0b96c7e8-e793-48ee-b4f5-e894a69ad49e','6afc696d-f9a1-4745-b946-228a2e52a568',20,_binary '\0',NULL,'2021-08-22 16:47:33.013','2021-08-22 16:47:33.013',NULL),('8039f162-0546-4d72-96a8-7456076d5b16','0d01411b-e050-408d-b745-1947d7b019ad','e99f5201-0c27-4c8e-922b-1a3da363d347',12.6,_binary '\0',NULL,'2021-08-23 21:37:13.082','2021-08-23 21:37:13.082',NULL),('84322d37-66c2-40f1-b73f-97867619f814','0b96c7e8-e793-48ee-b4f5-e894a69ad49e','e99f5201-0c27-4c8e-922b-1a3da363d347',20,_binary '\0',NULL,'2021-08-27 14:53:25.260','2021-08-27 14:53:25.260',NULL),('898fd8d3-1142-43c5-94fc-1003237644f9','0d01411b-e050-408d-b745-1947d7b019ad','a5101a3c-245d-421a-993f-f6523877d52c',12.6,_binary '\0',NULL,'2021-08-22 16:51:24.665','2021-08-22 16:51:24.665',NULL),('8f3beab8-a2fe-4e46-8124-81d85a19e54e','037d5a6b-70f6-4b22-aedd-28c82f6f8a3d','bf323da3-c98b-4093-874e-f907d7559b1e',16.2,_binary '\0',NULL,'2021-08-22 16:49:43.571','2021-08-22 16:49:43.571',NULL),('946e6ab6-9de8-4290-930f-1c906bc662db','0b96c7e8-e793-48ee-b4f5-e894a69ad49e','f6e051ac-7d5f-4068-b85e-96f99459b2a0',20,_binary '\0',NULL,'2021-08-22 16:50:37.853','2021-08-22 16:50:37.853',NULL),('9b107d10-8bc0-4874-9901-03fad56369a8','01023f66-81ec-4eb7-89ba-57e6af7ee899','f6e051ac-7d5f-4068-b85e-96f99459b2a0',31.5,_binary '\0',NULL,'2021-08-22 16:50:21.294','2021-08-22 16:50:21.294',NULL),('a243bc66-b1eb-41c3-9586-238b04d57433','01023f66-81ec-4eb7-89ba-57e6af7ee899','a5101a3c-245d-421a-993f-f6523877d52c',31.5,_binary '\0',NULL,'2021-08-22 16:51:01.572','2021-08-22 16:51:01.572',NULL),('a42cf8e9-daac-42b7-bd01-4cc9fd9eabd2','03abe971-62ae-4e8e-89e2-6a91ea8144c4','628d606e-7f15-4a42-a3c5-33d5ad23a07a',40,_binary '\0',NULL,'2021-08-22 16:52:42.959','2021-08-22 16:52:42.959',NULL),('b42fe6f6-eaee-4854-aa9d-15bb011b07dd','01023f66-81ec-4eb7-89ba-57e6af7ee899','e99f5201-0c27-4c8e-922b-1a3da363d347',31.5,_binary '\0',NULL,'2021-08-21 22:24:42.844','2021-08-21 22:24:42.844',NULL),('c6ce4781-0c27-4548-a7ec-4c74bdfa2298','0dbe88bd-d1f5-4cd2-bf3b-bc8105be9783','464ea335-f656-4045-afb7-a3673c65bf15',16.25,_binary '\0',NULL,'2021-08-22 16:52:09.608','2021-08-22 16:52:09.608',NULL),('c75fd16e-9327-4b3d-add8-e060cd314138','0dbe88bd-d1f5-4cd2-bf3b-bc8105be9783','bf323da3-c98b-4093-874e-f907d7559b1e',16.25,_binary '\0',NULL,'2021-08-22 16:49:19.941','2021-08-22 16:49:19.941',NULL),('c97bf6f8-1f9c-4de4-b685-51acb43d89aa','0d01411b-e050-408d-b745-1947d7b019ad','464ea335-f656-4045-afb7-a3673c65bf15',12.6,_binary '\0',NULL,'2021-08-22 16:52:04.317','2021-08-22 16:52:04.317',NULL),('d8d7cbb0-26f5-4022-8859-a21448bcca81','202d4b73-3d6f-48cc-bf17-4ff4c9b66520','bf323da3-c98b-4093-874e-f907d7559b1e',12.6,_binary '\0',NULL,'2021-08-24 20:32:55.074','2021-08-24 20:32:55.074',NULL),('d96d714d-a594-4842-8e8b-5f7f8a56349e','01023f66-81ec-4eb7-89ba-57e6af7ee899','6afc696d-f9a1-4745-b946-228a2e52a568',31.5,_binary '\0',NULL,'2021-08-22 16:47:11.583','2021-08-22 16:47:11.583',NULL),('db94a7bf-15ec-4967-8f0c-51ca7ab2dfa6','037d5a6b-70f6-4b22-aedd-28c82f6f8a3d','6afc696d-f9a1-4745-b946-228a2e52a568',16.2,_binary '\0',NULL,'2021-08-22 16:47:21.350','2021-08-22 16:47:21.350',NULL),('dc142fd6-bad8-4228-9557-fa7518c489bb','037d5a6b-70f6-4b22-aedd-28c82f6f8a3d','f6e051ac-7d5f-4068-b85e-96f99459b2a0',16.2,_binary '\0',NULL,'2021-08-22 16:50:26.486','2021-08-22 16:50:26.486',NULL),('e9124b10-7719-4ffb-9fca-43925a1598c8','0d01411b-e050-408d-b745-1947d7b019ad','6afc696d-f9a1-4745-b946-228a2e52a568',12.6,_binary '\0',NULL,'2021-08-22 16:47:39.185','2021-08-22 16:47:39.185',NULL),('eb9c61b2-8457-403d-a382-2b4fb5a3510e','1616c1da-b82f-4b32-8ba3-b30568491ac4','bf323da3-c98b-4093-874e-f907d7559b1e',63.75,_binary '\0',NULL,'2021-08-26 17:43:46.063','2021-08-26 17:43:46.063',NULL),('ef939598-2102-4aa5-96de-25ace2675ab7','0d01411b-e050-408d-b745-1947d7b019ad','bf323da3-c98b-4093-874e-f907d7559b1e',12.6,_binary '\0',NULL,'2021-08-23 23:05:19.016','2021-08-23 23:05:19.016',NULL),('f1b9df5a-0b01-4a5f-8ca1-8cf4246b2e2d','1616c1da-b82f-4b32-8ba3-b30568491ac4','628d606e-7f15-4a42-a3c5-33d5ad23a07a',63.75,_binary '\0',NULL,'2021-08-22 16:53:15.896','2021-08-22 16:53:15.896',NULL),('f1cbf506-a833-4710-85a0-24e17962c9ab','037d5a6b-70f6-4b22-aedd-28c82f6f8a3d','e99f5201-0c27-4c8e-922b-1a3da363d347',16.2,_binary '\0',NULL,'2021-08-21 22:24:53.618','2021-08-21 22:24:53.618',NULL),('f4325e4c-c5f5-40f9-8bed-65c125d9fff4','03abe971-62ae-4e8e-89e2-6a91ea8144c4','f6e051ac-7d5f-4068-b85e-96f99459b2a0',40,_binary '\0',NULL,'2021-08-22 16:50:32.077','2021-08-22 16:50:32.077',NULL),('f4814f9e-4168-4c32-aafa-60824547da61','037d5a6b-70f6-4b22-aedd-28c82f6f8a3d','628d606e-7f15-4a42-a3c5-33d5ad23a07a',16.2,_binary '\0',NULL,'2021-08-22 16:52:37.568','2021-08-22 16:52:37.568',NULL);
/*!40000 ALTER TABLE `purchase` ENABLE KEYS */;
UNLOCK TABLES;

--
-- Table structure for table `rate`
--

DROP TABLE IF EXISTS `rate`;
/*!40101 SET @saved_cs_client     = @@character_set_client */;
/*!50503 SET character_set_client = utf8mb4 */;
CREATE TABLE `rate` (
  `id` varchar(100) NOT NULL,
  `course_id` varchar(100) NOT NULL,
  `user_id` varchar(200) NOT NULL,
  `value` float NOT NULL,
  `content` text,
  `isDeleted` bit(1) NOT NULL DEFAULT b'0',
  `logCreatedBy` varchar(100) DEFAULT NULL,
  `logCreatedDate` varchar(100) DEFAULT NULL,
  `logUpdatedDate` varchar(100) DEFAULT NULL,
  `logUpdatedBy` varchar(500) CHARACTER SET utf8 COLLATE utf8_general_ci DEFAULT NULL,
  PRIMARY KEY (`id`)
) ENGINE=InnoDB DEFAULT CHARSET=utf8mb4 COLLATE=utf8mb4_0900_ai_ci;
/*!40101 SET character_set_client = @saved_cs_client */;

--
-- Dumping data for table `rate`
--

LOCK TABLES `rate` WRITE;
/*!40000 ALTER TABLE `rate` DISABLE KEYS */;
INSERT INTO `rate` VALUES ('160c188d-91e6-4527-9bfc-9c41bdb88cc9','037d5a6b-70f6-4b22-aedd-28c82f6f8a3d','e99f5201-0c27-4c8e-922b-1a3da363d347',5,'Good Lessons',_binary '\0',NULL,'2021-08-27 14:52:39.991','2021-08-27 14:52:39.991',NULL),('3799c01a-95b9-4033-86e5-01d55deaa996','0d01411b-e050-408d-b745-1947d7b019ad','bf323da3-c98b-4093-874e-f907d7559b1e',4,'Good Course',_binary '\0',NULL,'2021-08-25 13:57:51.861','2021-08-25 13:57:51.861',NULL),('460af885-b5b9-4a1d-83a1-af3c0abdd374','0b96c7e8-e793-48ee-b4f5-e894a69ad49e','bf323da3-c98b-4093-874e-f907d7559b1e',4,'Good Course',_binary '\0',NULL,'2021-08-25 13:52:40.223','2021-08-25 13:52:40.223',NULL),('58fd7a5b-706d-426e-a4ee-8040048b38dd','01023f66-81ec-4eb7-89ba-57e6af7ee899','6afc696d-f9a1-4745-b946-228a2e52a568',5,'Đầy đủ kiến thức',_binary '\0',NULL,'2021-08-05 19:36:30.249','2021-08-05 19:36:30.249',NULL),('61c8a99f-ed89-4580-afd1-8733d15c709d','037d5a6b-70f6-4b22-aedd-28c82f6f8a3d','bf323da3-c98b-4093-874e-f907d7559b1e',2,'Test Rate Value',_binary '\0',NULL,'2021-08-07 15:23:37.203','2021-08-07 16:09:57.076',NULL),('61c93e77-ed89-4716-8230-8ad116c1e4c9','03abe971-62ae-4e8e-89e2-6a91ea8144c4','e99f5201-0c27-4c8e-922b-1a3da363d347',5,'Good Course',_binary '\0',NULL,'2021-08-27 14:52:56.444','2021-08-27 14:52:56.444',NULL),('6526b4a4-a244-4bcf-bba9-a3acf68ee963','01023f66-81ec-4eb7-89ba-57e6af7ee899','bf323da3-c98b-4093-874e-f907d7559b1e',2,'Test Comment',_binary '\0',NULL,'2021-08-07 15:21:36.173','2021-08-07 16:16:53.478',NULL),('6b7da1c8-8657-4c6c-92c5-cbb8964f0eca','03abe971-62ae-4e8e-89e2-6a91ea8144c4','6afc696d-f9a1-4745-b946-228a2e52a568',4,'Lớp dạy tốt',_binary '\0',NULL,'2021-08-07 22:01:19.060','2021-08-07 22:01:19.060',NULL),('84ee0cfb-458b-47ef-b89c-ec1d0f9ad4ff','01023f66-81ec-4eb7-89ba-57e6af7ee899','e99f5201-0c27-4c8e-922b-1a3da363d347',5,'Amazing Course',_binary '\0',NULL,'2021-08-05 19:33:10.953','2021-08-27 14:52:19.284',NULL),('a90d7374-8653-4222-bf5a-b7094f4609ca','0d01411b-e050-408d-b745-1947d7b019ad','e99f5201-0c27-4c8e-922b-1a3da363d347',5,'Easy to understand',_binary '\0',NULL,'2021-08-27 14:53:50.364','2021-08-27 14:53:50.364',NULL),('e7922b14-10da-4726-82e8-dd37e64093ce','0b96c7e8-e793-48ee-b4f5-e894a69ad49e','e99f5201-0c27-4c8e-922b-1a3da363d347',4.5,'Amazing!',_binary '\0',NULL,'2021-08-27 14:53:33.061','2021-08-27 14:53:33.061',NULL),('f6b550a3-c50d-4f9e-ac12-0c80fce06286','03abe971-62ae-4e8e-89e2-6a91ea8144c4','bf323da3-c98b-4093-874e-f907d7559b1e',5,'Lớp dạy rất hay nhưng có nhiều khuyết điểm',_binary '\0',NULL,'2021-08-07 21:59:54.431','2021-08-07 22:00:35.379',NULL);
/*!40000 ALTER TABLE `rate` ENABLE KEYS */;
UNLOCK TABLES;

--
-- Table structure for table `user`
--

DROP TABLE IF EXISTS `user`;
/*!40101 SET @saved_cs_client     = @@character_set_client */;
/*!50503 SET character_set_client = utf8mb4 */;
CREATE TABLE `user` (
  `id` varchar(200) CHARACTER SET utf8mb4 COLLATE utf8mb4_vietnamese_ci NOT NULL,
  `username` varchar(255) CHARACTER SET utf8 COLLATE utf8_general_ci NOT NULL,
  `password` varchar(255) CHARACTER SET utf8 COLLATE utf8_general_ci NOT NULL,
  `fullname` varchar(150) CHARACTER SET utf8 COLLATE utf8_general_ci NOT NULL,
  `address` varchar(500) CHARACTER SET utf8 COLLATE utf8_general_ci DEFAULT NULL,
  `phone` varchar(50) CHARACTER SET utf8 COLLATE utf8_general_ci DEFAULT NULL,
  `email` varchar(100) CHARACTER SET utf8 COLLATE utf8_general_ci NOT NULL,
  `avatar` varchar(200) COLLATE utf8mb4_vietnamese_ci DEFAULT NULL,
  `rfToken` varchar(255) CHARACTER SET utf8mb4 COLLATE utf8mb4_vietnamese_ci DEFAULT NULL,
  `role` tinyint DEFAULT NULL,
  `isDeleted` bit(1) NOT NULL DEFAULT b'0',
  `logCreatedDate` datetime DEFAULT NULL,
  `logCreatedBy` varchar(500) CHARACTER SET utf8 COLLATE utf8_general_ci DEFAULT NULL,
  `logUpdatedDate` datetime DEFAULT NULL,
  `logUpdatedBy` varchar(500) CHARACTER SET utf8 COLLATE utf8_general_ci DEFAULT NULL,
  `description` text CHARACTER SET utf8mb4 COLLATE utf8mb4_vietnamese_ci,
  `isBlocked` bit(1) NOT NULL DEFAULT b'0',
  PRIMARY KEY (`id`)
) ENGINE=InnoDB DEFAULT CHARSET=utf8mb4 COLLATE=utf8mb4_vietnamese_ci;
/*!40101 SET character_set_client = @saved_cs_client */;

--
-- Dumping data for table `user`
--

LOCK TABLES `user` WRITE;
/*!40000 ALTER TABLE `user` DISABLE KEYS */;
INSERT INTO `user` VALUES ('2b86ebee-959f-4e90-b48e-fc621af97e0e','teacher4','$2a$10$DMGZUkOwojO49ijW10eeQOAvQOzxmTvArotDsqu0B6qXcClESV0Ju','Tran Thi C','Ha Noi, Viet Nam','01547896548','ttc@gmail.com','https://res.cloudinary.com/dawbc3ysp/image/upload/v1629621752/Elearning/eza4ghcj9kwmkxog2pzi.jpg',NULL,1,_binary '\0','2021-08-22 15:40:28',NULL,'2021-08-22 15:42:33',NULL,NULL,_binary '\0'),('464ea335-f656-4045-afb7-a3673c65bf15','user6','$2a$10$PQMmHrXPcY/l4MZWTh0D/OAcw7TH7W5HtyVnGVhYR1mAmO0KjfO6y','Nguyen Tien Luat',NULL,NULL,'ntluat@gmail.com','https://res.cloudinary.com/dawbc3ysp/image/upload/v1629625343/Elearning/uradgjrdjo4zocykhwmv.jpg',NULL,2,_binary '\0','2021-08-22 16:41:50',NULL,'2021-08-22 16:42:24',NULL,NULL,_binary '\0'),('46fb1c94-07da-4976-be14-1bd999f6f1f2','hung.trinh','$2a$10$RAkVtjmlDfE4dHIstaE3leGulXuCQ.fBVF8OCOuI6pdAwZcbvRFKe','Cristian Hung',NULL,'0822511296','hung.trinh@gmail.com',NULL,NULL,1,_binary '','2021-07-31 15:40:52',NULL,'2021-07-31 16:41:39',NULL,'I am a professional developer',_binary '\0'),('4bc9b7c9-5d41-4ffc-94e8-d27cb1a30373','teacher3','$2a$10$iWK.U3UVQ7H.TU8RwyOVieLpnQI3jL5rHT5MoInOz3kp84Mf1Fd3C','Nguyễn Văn B','55 Duong 23','0966698301','nvb@gmail.com','https://res.cloudinary.com/dawbc3ysp/image/upload/v1629621740/Elearning/bxbkbfwlvn8zvnwsxudy.jpg',NULL,1,_binary '\0','2021-08-22 15:39:16',NULL,'2021-08-22 15:42:21',NULL,NULL,_binary '\0'),('4fbc7799-2e74-4a9e-91c8-dfdb7ce56f47','teacher3','$2a$10$TgQJn4kJZSdtvVwk9B05TuAZKK9bzUnyazcn8YmOQj7nhMbExH1eu','Cristian Nguyen','Singapore','023411231414','teacher3@gmail.com',NULL,NULL,1,_binary '','2021-07-31 14:33:46',NULL,'2021-07-31 21:17:40',NULL,'Toi hoc vip vl',_binary '\0'),('52956955-0456-412f-9f85-058663a63ff0','teacher5','$2a$10$5FaXL2YCTtxa23eMiR1MXeYl2udI/ggStp87mWE8G7DDumqy8ZczO','Nguyen Hoang D','87 Pham Van Dong, Quan Binh Thanh','0154784957','nhd@gmail.com','https://res.cloudinary.com/dawbc3ysp/image/upload/v1629621903/Elearning/hv4crstuo8hudh2vqcfq.jpg',NULL,1,_binary '\0','2021-08-22 15:41:15',NULL,'2021-08-22 15:45:04',NULL,NULL,_binary '\0'),('628d606e-7f15-4a42-a3c5-33d5ad23a07a','user7','$2a$10$3S0hO5vvZL09iEW3/SL3AOqnMBlMfA7UpKf4xIuGsJWn02AmupFSi','Hoang Van Thu',NULL,NULL,'hvthu@gmail.com','https://res.cloudinary.com/dawbc3ysp/image/upload/v1629625355/Elearning/rlheqlp0j6qynm6gkzgp.jpg',NULL,2,_binary '\0','2021-08-22 16:42:09',NULL,'2021-08-22 16:42:36',NULL,NULL,_binary '\0'),('6afc696d-f9a1-4745-b946-228a2e52a568','user2','$2a$10$IE2BtXXkwI6cTuJGvBnLGOcZJ8FiUKfsHBh989aX0fIXndx12Fhp2','Alex Dang','194/12A Bui Dinh Tuy, F.12 Ho Chi Minh ','02341414','user2@gmail.com','https://res.cloudinary.com/dawbc3ysp/image/upload/v1628161026/Elearning/pjk7h2sj5yxhq0msojb5.jpg',NULL,1,_binary '\0','2021-07-31 14:33:06',NULL,'2021-08-05 17:57:06',NULL,NULL,_binary '\0'),('a5101a3c-245d-421a-993f-f6523877d52c','user5','$2a$10$TbfYuipXRReFyKO5gFVekuqSGT1rVsPcA.vS06vk1OeCdYlhNWmra','Tran Van Manh',NULL,NULL,'tvmanh@gmail.com','https://res.cloudinary.com/dawbc3ysp/image/upload/v1629625366/Elearning/pzgir8dgbljctzitmy77.jpg',NULL,2,_binary '\0','2021-08-22 16:41:22',NULL,'2021-08-22 16:42:47',NULL,NULL,_binary '\0'),('b1607d70-67c0-4c4c-b142-90f265702d61','teacher2','$2a$10$tfxuFyobzzd.W3o3EunbLuNl0dLX2uuFXymz.YAO8DTw5VlSzHKCa','Sam Song ','LosAnglaes','023411231414','teacher2@gmail.com','https://res.cloudinary.com/dawbc3ysp/image/upload/v1628161037/Elearning/fiqsdedl8pywa5oii6fs.jpg',NULL,1,_binary '\0','2021-07-31 14:33:42',NULL,'2021-08-05 17:57:17',NULL,NULL,_binary '\0'),('bf323da3-c98b-4093-874e-f907d7559b1e','user3','$2a$10$9rRlDjRW.Gz/TYmJHOx4Je5mcBVHs2thOeuV1xpqs8DI3brtqLs5y','Phillip Cruasha','212/100 Da Kao , F 7 Le Thanh Ton , TP Ho Chi Minh','023411231414','user3@gmail.com','https://res.cloudinary.com/dawbc3ysp/image/upload/v1628161048/Elearning/ndr0qs0avum8n9i89oly.jpg','zAYCrrtzg3gl5O8fvRoUUVEzZSLR7Vxk',2,_binary '\0','2021-07-31 14:33:17',NULL,'2021-08-05 17:57:28',NULL,NULL,_binary '\0'),('e0c6ef12-4ad1-4092-b2eb-ec64fc5d294f','teacher6','$2a$10$jEAmKJHhf6UWzKDtn0ROOO.KE8jH9Qdjbzs.SXkAQf4y7ysxBu0wu','Hoang Van Bach','47 Ngo Tat To, Quan Binh Thanh','0154784258','hvb@gmail.com','https://res.cloudinary.com/dawbc3ysp/image/upload/v1629621914/Elearning/jl9m8h03mlvx0kv9llqs.jpg',NULL,1,_binary '\0','2021-08-22 15:41:50',NULL,'2021-08-22 15:45:15',NULL,NULL,_binary '\0'),('e99f5201-0c27-4c8e-922b-1a3da363d347','user1','$2a$10$kVJVT56TW2kPDQMe.Fe98.oI6T8L4344HbNnjh2h.5bG7OZSXSJAS','Le Van A',NULL,'02341414','user1@gmail.com','https://res.cloudinary.com/dawbc3ysp/image/upload/v1630141016/Elearning/ycutrcso2uezstmajafl.jpg','44lgjbhVbKF6UONWhTt4CKt2Q4Vhr3IQ',2,_binary '\0','2021-07-31 14:32:41',NULL,'2021-08-28 15:56:57',NULL,NULL,_binary '\0'),('ef6e5a5a-4127-400e-936a-bb369ba5899e','teacher1','$2a$10$qdaltZflh07rtevnfLm1neRiACcYcKv/7u3wX8gR2YMxmFoVzPgFu','Le Thanh','Pham Van Dong, Thu Duc','023411231414','teacher1.australia.vip@gmail.com','https://res.cloudinary.com/dawbc3ysp/image/upload/v1628161068/Elearning/zlepftvwrj25jjmkbhe3.jpg','0SVkGnKVLTeeN3pcsTjzwhvoorthjo80',1,_binary '\0','2021-07-31 14:33:35',NULL,'2021-08-05 17:57:49',NULL,NULL,_binary '\0'),('f6e051ac-7d5f-4068-b85e-96f99459b2a0','user4','$2a$10$eceOHFRBWTwRDUqTHO5WleWeasYaRznfLchHqUGEfQaQAol3gGxIS','Nguyen Quang Hai',NULL,NULL,'nqhai@gmail.com','https://res.cloudinary.com/dawbc3ysp/image/upload/v1629625377/Elearning/z7itgxkx23m4q3lbkym9.jpg',NULL,2,_binary '\0','2021-08-22 16:40:59',NULL,'2021-08-22 16:42:58',NULL,NULL,_binary '\0'),('fbfb0636-57c6-4adc-9394-3af92b83436f','admin','$2a$10$iP2NugI.d9rFffKseo8tpuqAb8fVkMa7h22biwB5o58b.bbih5dge','Trinh Vu Minh Hung',NULL,NULL,'admin@gmail.com','https://res.cloudinary.com/dawbc3ysp/image/upload/v1628161077/Elearning/xidnbkqnox4wkreddfja.jpg','8ikZQhbWQmFKOEH0TqPEptMiU0LjRLmJ',0,_binary '\0','2021-07-30 15:23:19',NULL,'2021-08-05 17:57:57',NULL,NULL,_binary '\0');
/*!40000 ALTER TABLE `user` ENABLE KEYS */;
UNLOCK TABLES;

--
-- Table structure for table `wishlist`
--

DROP TABLE IF EXISTS `wishlist`;
/*!40101 SET @saved_cs_client     = @@character_set_client */;
/*!50503 SET character_set_client = utf8mb4 */;
CREATE TABLE `wishlist` (
  `id` varchar(100) CHARACTER SET utf8mb4 COLLATE utf8mb4_vietnamese_ci NOT NULL,
  `course_id` varchar(100) CHARACTER SET utf8mb4 COLLATE utf8mb4_vietnamese_ci DEFAULT NULL,
  `user_id` varchar(100) CHARACTER SET utf8mb4 COLLATE utf8mb4_vietnamese_ci DEFAULT NULL,
  `isDeleted` bit(1) NOT NULL DEFAULT b'0',
  `logCreatedDate` datetime DEFAULT NULL,
  `logCreatedBy` varchar(500) CHARACTER SET utf8 COLLATE utf8_general_ci DEFAULT NULL,
  `logUpdatedDate` datetime DEFAULT NULL,
  `logUpdatedBy` varchar(500) CHARACTER SET utf8 COLLATE utf8_general_ci DEFAULT NULL,
  PRIMARY KEY (`id`)
) ENGINE=InnoDB DEFAULT CHARSET=utf8mb4 COLLATE=utf8mb4_vietnamese_ci;
/*!40101 SET character_set_client = @saved_cs_client */;

--
-- Dumping data for table `wishlist`
--

LOCK TABLES `wishlist` WRITE;
/*!40000 ALTER TABLE `wishlist` DISABLE KEYS */;
INSERT INTO `wishlist` VALUES ('26789a99-4972-4737-8f68-ba30959bdba9','01023f66-81ec-4eb7-89ba-57e6af7ee899','e99f5201-0c27-4c8e-922b-1a3da363d347',_binary '\0','2021-08-03 22:04:52',NULL,'2021-08-03 22:17:59',NULL),('49c8f83d-e2a5-47b5-adec-afcf7aa205b3','0d01411b-e050-408d-b745-1947d7b019ad','e99f5201-0c27-4c8e-922b-1a3da363d347',_binary '\0','2021-08-03 22:18:46',NULL,'2021-08-03 22:18:58',NULL);
/*!40000 ALTER TABLE `wishlist` ENABLE KEYS */;
UNLOCK TABLES;
/*!40103 SET TIME_ZONE=@OLD_TIME_ZONE */;

/*!40101 SET SQL_MODE=@OLD_SQL_MODE */;
/*!40014 SET FOREIGN_KEY_CHECKS=@OLD_FOREIGN_KEY_CHECKS */;
/*!40014 SET UNIQUE_CHECKS=@OLD_UNIQUE_CHECKS */;
/*!40101 SET CHARACTER_SET_CLIENT=@OLD_CHARACTER_SET_CLIENT */;
/*!40101 SET CHARACTER_SET_RESULTS=@OLD_CHARACTER_SET_RESULTS */;
/*!40101 SET COLLATION_CONNECTION=@OLD_COLLATION_CONNECTION */;
/*!40111 SET SQL_NOTES=@OLD_SQL_NOTES */;

-- Dump completed on 2021-08-30  9:05:12
